title,year,authors,journal,number_of_citations,keywords,country
Consumer-driven e-commerce,2018,Jagjit Singh Srai; Stanley Frederick W.T. Lim; Xin Jin,International Journal of Physical Distribution & Logistics Management,334,Archaeology; Business; Computer science; Context (archaeology); Contingency; Creativity; Engineering; Geography; Knowledge management; Linguistics; Management science; Marketing; Originality; Philosophy; Process management; Programming language; Psychology; Set (abstract data type); Social psychology,GB
Are Online and Offline Prices Similar? Evidence from Large Multi-Channel Retailers,2016,Alberto Cavallo,American Economic Review,323,Business; Cartography; Channel (broadcasting); Commerce; Computer science; Database; Econometrics; Economics; Financial economics; Geography; Monetary economics; Online and offline; Operating system; Relation (database); Scale (ratio); Telecommunications; The Internet; World Wide Web,RU; US
The Billion Prices Project: Using Online Prices for Measurement and Research,2016,Alberto Cavallo; Roberto Rigobón,The Journal of Economic Perspectives,277,Business; Commerce; Computer science; Consumer price index (South Africa); Economics; Financial economics; Macro; Marketing; Microeconomics; Monetary economics; Monetary policy; Price index; Programming language,RU
"The Economics of Taxes on Sugar-Sweetened Beverages: A Review of the Effects on Prices, Sales, Cross-Border Shopping, and Consumption",2019,Anne Marie Thow; David Frisvold; John Cawley; Katherine Wen,Annual Review of Nutrition,198,Advertising; Business; Consumption (sociology); Economics; Environmental health; Finance; Jurisdiction; Law; Medicine; Political science; Population; Public economics; Revenue; Social science; Sociology; Tax revenue,AU; US
Consumer Marketing Strategy and E-Commerce in the Last Decade: A Literature Review,2021,Albérico Travassos Rosário; Ricardo Raimundo,Journal of theoretical and applied electronic commerce research,267,Biology; Business; Computer science; Digital marketing; E-commerce; Epistemology; Evolutionary biology; Extant taxon; Geometry; Marketing; Marketing management; Marketing research; Marketing science; Marketing strategy; Mathematics; Philosophy; Product (mathematics); Quality (philosophy); Relationship marketing; Social media; The Internet; World Wide Web,PT
COVID-19 and Retail Grocery Management: Insights From a Broad-Based Consumer Survey,2020,Debarchana Ghosh; Marlene B. Schwartz; Ran Xu; Xiang Chen; Yiru Wang,IEEE Engineering Management Review,109,Advertising; Archaeology; Art; Brick and mortar; Business; Computer science; Consumer behaviour; Coronavirus disease 2019 (COVID-19); Destinations; Disease; Duration (music); Geography; Grocery shopping; Grocery store; Infectious disease (medical specialty); Literature; Marketing; Medicine; Pandemic; Pathology; Psychology; Situational ethics; Social psychology; The Internet; Tourism; World Wide Web,US
Consumer adoption of online food shopping in China,2018,Ou Wang; Simon Somogyi,British Food Journal,110,Advertising; Archaeology; Beijing; Business; China; Consumer behaviour; Consumption (sociology); Context (archaeology); Descriptive statistics; Economics; Finance; Geography; Geometry; Incentive; Marketing; Mathematics; Microeconomics; Order (exchange); Originality; Product (mathematics); Qualitative research; Social science; Sociology; Statistics; Structural equation modeling,CA; NZ
Internet or store? An ethnographic study of consumers' internet and store-based grocery shopping practices,2016,Alan Hallsworth; Jonathan Elms; Ronan de Kervenoael,Journal of Retailing and Consumer Services,91,Advertising; Anthropology; Biology; Business; Computer science; Ethnography; Evolutionary biology; Extant taxon; Grocery shopping; Grocery store; Internet shopping; Marketing; Sociology; The Internet; World Wide Web,GB; NZ; TR
Impact of COVID-19 on the Customer End of Retail Supply Chains: A Big Data Analysis of Consumer Satisfaction,2021,Chibuzor Udokwu; Farzaneh Darbanian; Patrick Brandtner; Taha Falatouri,Sustainability,116,Advertising; Business; Consumer behaviour; Consumer satisfaction; Coronavirus disease 2019 (COVID-19); Customer satisfaction; Disease; Focus group; Geometry; Infectious disease (medical specialty); Marketing; Mathematics; Medicine; Neuroscience; Pandemic; Pathology; Perception; Product (mathematics); Psychology; Supply chain,AT
Influence of Food and Beverage Companies on Retailer Marketing Strategies and Consumer Behavior,2020,Alyssa J. Moran; Amelie A. Hecht; Anne N. Thorndike; Crystal Perez; Michele Polascek; Rebecca L. Franckle,International Journal of Environmental Research and Public Health,72,Business; Economics; Epistemology; Incentive; Law; Marketing; Microeconomics; Philosophy; Political science; Politics; Promotion (chess); Purchasing; Quality (philosophy); Sales management; Sales promotion,US
Objective understanding of the Nutri-score front-of-pack label by European consumers and its effect on food choices: an online experimental study,2020,Chantal Julia; Louise Dréano-Trécant; Manon Egnell; Marion Gombaud; Pilar Galán; Serge Herçberg; Simone Pettigrew; Stefanie Vandevijvere; Valentina A. Andreeva; Zenobia Talati,International Journal of Behavioral Nutrition and Physical Activity,102,Archaeology; Clinical nutrition; Context (archaeology); Environmental health; Epistemology; Food choice; Geography; Internal medicine; Logistic regression; Mathematics; Medicine; Nutrition facts label; Ordered logit; Pathology; Philosophy; Quality (philosophy); Statistics,AU; BE; FR
More Amazon Effects: Online Competition and Pricing Behaviors,2018,Alberto Cavallo,Unknown,91,Aggregate (composite); Biology; Business; Competition (biology); Composite material; Computer science; Computer security; Ecology; Econometrics; Economics; Inflation (cosmology); Materials science; Microeconomics; Monetary economics; Physics; The Internet; Theoretical physics; Transparency (behavior); World Wide Web,US
"Supermarket Choice, Shopping Behavior, Socioeconomic Status, and Food Purchases",2015,Pablo Monsivais; Rachel Pechey,American Journal of Preventive Medicine,81,Advertising; Business; Chemistry; Computer science; Environmental health; Epistemology; Food choice; Food science; Healthy food; Marketing; Medicine; Parallel computing; Pathology; Philosophy; Population; Purchasing; Quality (philosophy); Socioeconomic status; TRIPS architecture,GB
Consumer Adoption of Online Food Delivery Ordering (OFDO) Services in Pakistan: The Impact of the COVID-19 Pandemic Situation,2020,Dewan Md Zahurul Islam; Hafiz Muhammad Usama Javed; Nadeem Khalid; Saqib Ali,Journal of Open Innovation Technology Market and Complexity,193,Business; Coronavirus disease 2019 (COVID-19); Disease; Infectious disease (medical specialty); Marketing; Mathematics; Medicine; Optimism; Pandemic; Pathology; Psychology; Service (business); Service delivery framework; Service provider; Situational ethics; Social psychology; Statistics; Structural equation modeling,KZ; PK
Online Price Discrimination and EU Data Privacy Law,2017,Frederik Zuiderveen Borgesius; Joost Poort,Journal of Consumer Policy,174,Business; Commercial law; Computer science; Data Protection Act 1998; Economics; Internet privacy; Law; Law of one price; Marketing; Microeconomics; Mid price; Monetary economics; Political science; Price discrimination; Price level; Pricing strategies; Transparency (behavior),NL
Digital payments and consumer experience in India: a survey based empirical study,2021,Bhanu Pratap; Rajas Saroy; S. Vennilaa Shree; Sarat Dhal,Journal of Banking and Financial Technology,83,Affect (linguistics); Business; Cash; Communication; Computer science; Database; Database transaction; Economics; Empirical research; Epistemology; Finance; Marketing; Mathematics; Neuroscience; Payment; Payment system; Perception; Philosophy; Psychology; Public economics; Statistics; Survey data collection,IN
PERCEIVED BENEFITS AND PERCEIVED RISKS EFFECT ON ONLINE SHOPPING BEHAVIOR WITH THE MEDIATING ROLE OF CONSUMER PURCHASE INTENTION IN PAKISTAN,2020,Anam Bhatti; Shafique Ur Rehman,International Journal of Management Studies,117,Advertising; Artificial intelligence; Business; Computer science; Consumer behaviour; Environmental health; Geometry; Marketing; Mathematics; Medicine; Neuroscience; Perception; Population; Product (mathematics); Psychology; Risk perception; Simple random sample; Variety (cybernetics),MY
Online food prices during the COVID‐19 pandemic,2020,Judith Hillen,Agribusiness,45,Advertising; Agricultural economics; Agriculture; Amazon rainforest; Archaeology; Biology; Business; Commerce; Coronavirus disease 2019 (COVID-19); Disease; Ecology; Economics; Food prices; Food security; Geography; Geometry; Infectious disease (medical specialty); Marketing; Mathematics; Medicine; Monetary economics; Pandemic; Pathology; Popularity; Product (mathematics); Psychology; Social psychology,CH
How Does Consumers’ Omnichannel Shopping Behaviour Translate into Travel and Transport Impacts? Case-Study of a Footwear Retailer in Belgium,2019,Cathy Macharis; Heleen Buldeo; Koen Mommens; Sara Verlinde,Sustainability,68,Advertising; Biology; Business; Computer science; Context (archaeology); Engineering; Geometry; Marketing; Mathematics; Omnichannel; Online and offline; Operating system; Paleontology; Product (mathematics); Product type; Programming language; Purchasing; TRIPS architecture; Transport engineering,BE
Enhancing brick-and-mortar store shopping experience with an augmented reality shopping assistant application using personalized recommendations and explainable artificial intelligence,2022,Andreas Auinger; Daniel Mocencahua Mora; Dirk Werth; Douglas Cirqueira; Marija Bezbradica; Markus Helfert; René Riedl‬; Robert Zimmermann; Wolfgang Weitzl,Journal of Research in Interactive Marketing,112,Advertising; Artifact (error); Artificial intelligence; Augmented reality; Brick and mortar; Business; Computer science; Customer experience; Empirical research; Epistemology; Human–computer interaction; Marketing; Multimedia; Omnichannel; Philosophy; The Internet; World Wide Web,AT; DE; IE
"Definition, conceptualization and measurement of consumer-based retailer brand equity",2019,Gérard Cliquet; Joe F. Hair; Julien Troiville,Journal of Retailing and Consumer Services,48,Advertising; Artificial intelligence; Benchmarking; Brand equity; Business; Computer science; Conceptualization; Confirmatory factor analysis; Construct (python library); Leverage (statistics); Machine learning; Marketing; Programming language; Service (business),FR; US
Influence of Personality Traits on Choice of Retail Purchasing Channel: Literature Review and Research Agenda,2021,Anna Hermes; René Riedl‬,Journal of theoretical and applied electronic commerce research,37,Agreeableness; Big Five personality traits; Business; Consumer behaviour; Extraversion and introversion; Marketing; Openness to experience; Personality; Psychology; Purchasing; Social psychology,AT
A synthesis of constructs for modelling consumers’ perception of value from mobile-commerce (M-VAL),2020,Chai Lee Goi; Fazlul K. Rabbanee; Omkar Dastane,Journal of Retailing and Consumer Services,51,Biology; Business; Computer science; Construct (python library); Context (archaeology); Empirical research; Finance; Knowledge management; Law; MEDLINE; Machine learning; Marketing; Mathematics; Multidimensional scaling; Neuroscience; Paleontology; Perception; Physics; Political science; Programming language; Psychology; Quantum mechanics; Scale (ratio); Scopus; Set (abstract data type); Statistics; Structuring; Value (mathematics),AU; MY
Online Consumer Satisfaction During COVID-19: Perspective of a Developing Country,2021,Aysha Saleem; Junaid Ul Haq; Wizra Saeed; Yonghui Rao,Frontiers in Psychology,49,2019-20 coronavirus outbreak; Artificial intelligence; Biology; Computer science; Confirmatory factor analysis; Coronavirus disease 2019 (COVID-19); Disease; Infectious disease (medical specialty); Mathematics; Medicine; Neuroscience; Outbreak; Paleontology; Pathology; Perception; Perspective (graphical); Programming language; Psychology; Set (abstract data type); Severe acute respiratory syndrome coronavirus 2 (SARS-CoV-2); Social psychology; Statistics; Structural equation modeling; Test (biology); Virology,CN; PK
The role of artificial intelligence in consumers’ brand preference for retail banks in Hong Kong,2023,Matthew Yau Choi Chow; Shirie Pui Shan Ho,Journal of Financial Services Marketing,82,Advertising; Brand awareness; Brand equity; Brand management; Brand preference; Business; Economics; Marketing; Marketing management; Microeconomics; Personalization; Preference,Unknown
Revolutionizing Retail: A Hybrid Machine Learning Approach for Precision Demand Forecasting and Strategic Decision-Making in Global Commerce,2024,Aisharyja Roy Puja; Aslima Akter; Bishnu Padh Ghosh; Eftekhar Hossain Ayon; MD Tanvir Islam; Mamunur Rahman; Mohammad Shafiquzzaman Bhuiyan; Rumana Shahid; Salim Chowdhury MD; Sanjida Rahman,Journal of Computer Science and Technology Studies,39,AdaBoost; Artificial intelligence; Artificial neural network; Biochemistry; Boosting (machine learning); Chemistry; Computer science; Data mining; Demand forecasting; Engineering; Gene; Gradient boosting; Machine learning; Mathematics; Mean squared error; Operations research; Personalization; Random forest; Robustness (evolution); Statistics; Support vector machine; World Wide Web,US
Why do people shop online? A comprehensive framework of consumers’ online shopping intentions and behaviors,2022,Cheri Speier‐Pero; Sebastian Schuetz; Viswanath Venkatesh,Information Technology and People,82,Advertising; Business; Computer science; Consumer behaviour; Creativity; Demographics; Demography; Machine learning; Marketing; Neuroscience; Nomological network; Originality; Perception; Psychology; Service (business); Social psychology; Sociology; Value (mathematics),US
Algorithmic Pricing and Competition: Empirical Evidence from the German Retail Gasoline Market,2020,Daniel Ershov; Lei Xu; Robert Clark; Stephanie Assad,SSRN Electronic Journal,94,Archaeology; Biology; Business; Competition (biology); Ecology; Economics; Empirical evidence; Epistemology; Geography; German; Industrial organization; Marketing; Philosophy; Retail market,CA; FR
Or-Based Intelligent Decision Support System for E-Commerce,2021,Carlos Montenegro; Seifedine Kadry; Yuan Yuan; Zong Ke,Journal of theoretical and applied electronic commerce research,54,Artificial intelligence; Computer science; Engineering; Epistemology; Foreknowledge; Fuzzy logic; Knowledge management; NonStop; Operating system; Operations research; Philosophy; Quality (philosophy); Space (punctuation),CN; CO
Factors Influencing Consumer Behavior towards Online Shopping in Saudi Arabia Amid COVID-19: Implications for E-Businesses Post Pandemic,2023,Abu Elnasr E. Sobaih; Sarah S. Al Hamli,Journal of risk and financial management,63,Advertising; Archaeology; Artificial intelligence; Business; Computer science; Consumer behaviour; Context (archaeology); Coronavirus disease 2019 (COVID-19); Disease; Finance; Geography; Geometry; Infectious disease (medical specialty); Marketing; Mathematics; Medicine; Pandemic; Pathology; Payment; Product (mathematics); Social media; Variety (cybernetics); World Wide Web,EG; SA
"Impact of perceived convenience, service quality and security on consumers’ behavioural intention towards online food delivery services: the role of attitude as mediator",2023,Rupam Chowdhury,SN Business & Economics,53,Advertising; Agriculture; Archaeology; Business; Epistemology; Food delivery; Food security; Food service; Geography; Marketing; Philosophy; Psychology; Quality (philosophy); Service (business); Service delivery framework; Service quality,BD
Consumer Intention toward Bringing Your Own Shopping Bags in Taiwan: An Application of Ethics Perspective and Theory of Planned Behavior,2018,Ching-Hsien Chou; Sheng‐Hsiung Chang,Sustainability,56,Artificial intelligence; Business; Computer science; Consumer behaviour; Control (management); Economics; Epistemology; Management; Marketing; Norm (philosophy); Perceived control; Perspective (graphical); Philosophy; Psychology; Social psychology; Teleology; Theory of planned behavior,TW
Investigating young consumers’ online buying behavior in COVID-19 pandemic: perspective of Bangladesh,2022,Mahjabeen Ahmed; Razia Sultana Sumi,IIM Ranchi Journal of Management Studies,44,Advertising; Artificial intelligence; Business; Computer science; Consumer behaviour; Coronavirus disease 2019 (COVID-19); Creativity; Disease; Human–computer interaction; Infectious disease (medical specialty); Machine learning; Marketing; Mathematics; Medicine; Originality; Pandemic; Pathology; Perspective (graphical); Psychology; Social psychology; Statistics; Structural equation modeling; Usability; Value (mathematics),BD
Last-Mile Delivery Methods in E-Commerce: Does Perceived Sustainability Matter for Consumer Acceptance and Usage?,2022,Bastian Popp; Patrick Klein,Sustainability,42,Astronomy; Biology; Business; Competitive advantage; Ecology; Economics; Environmental economics; Food delivery; Last mile (transportation); Marketing; Mile; Physics; Sustainability,DE
How Does Retail Engage Consumers in Sustainable Consumption? A Systematic Literature Review,2020,Carmen Bălan,Sustainability,43,Biology; Business; Computer science; Consumer behaviour; Consumption (sociology); Context (archaeology); Economics; Epistemology; Law; MEDLINE; Macroeconomics; Marketing; Operating system; Paleontology; Philosophy; Political science; Process (computing); Production (economics); Quality (philosophy); Social science; Sociology; Sustainable consumption; Systematic review; Transparency (behavior),RO
Promoting Food for the Trash Bin? A Review of the Literature on Retail Price Promotions and Household-Level Food Waste,2021,Birger Boutrup Jensen; George Tsalis; Jessica Aschemann‐Witzel; S Wiley Wakeman,Sustainability,39,Business; Corporate social responsibility; Economics; Engineering; Finance; Food waste; Marketing; Order (exchange); Political science; Public economics; Public relations; Purchasing; Waste management,DK; SE
Competitive pricing on online markets: a literature review,2022,Jan Berends; Torsten J. Gerpott,Journal of Revenue and Pricing Management,48,Accounting; Business; Competitive advantage; Computer science; Dynamic pricing; E-commerce; Economics; Finance; Industrial organization; Marketing; Microeconomics; Pricing strategies; Revenue; Revenue management; Structuring; Variable pricing; World Wide Web; Yield management,DE
How consumer digital signals are reshaping the customer journey,2022,Ana Babić Rosario; Andrew T. Stephen; Barak Libai; Chiara Longoni; Daniella Kupor; David A. Schweidel; Felipe Thomaz; Inyoung Chae; J. Jeffrey Inman; Michelle Andrews; Yakov Bart; Zoey Chen,Journal of the Academy of Marketing Science,105,Advertising; Business; Customer experience; Marketing; Personalization,GB; IL; US
E-Commerce and Consumer Protection in India: The Emerging Trend,2021,Basanta Kumar; Neelam Chawla,Journal of Business Ethics,179,Biology; Business; Business ethics; Business model; Commerce; Computer science; Consumer protection; Consumer-to-business; Context (archaeology); E-commerce; Internet privacy; Law; Marketing; Paleontology; Political science; Public relations,IN
The pricing strategies of online grocery retailers,2023,Diego Aparicio; Roberto Rigobón; Zachary Metzman,Quantitative Marketing and Economics,23,Advertising; Biochemistry; Brick and mortar; Business; Chemistry; Complement (music); Complementation; Computer science; Computer security; Econometrics; Economics; Gene; Key (lock); Marketing; Microeconomics; Online and offline; Operating system; Phenotype; Price discrimination; Price dispersion; Pricing strategies; The Internet; World Wide Web,ES; US
Motives towards e-Shopping Adoption among Pakistani Consumers: An Application of the Technology Acceptance Model and Theory of Reasoned Action,2022,Aqeela Saleem; Javed Aslam; Nokhaiz Tariq Khan; Shazia Nauman; Yun Bae Kim,Sustainability,56,Action (physics); Advertising; Business; Computer science; Human–computer interaction; Marketing; Physics; Psychology; Purchasing; Quantum mechanics; Social psychology; Technology acceptance model; The Internet; Theory of reasoned action; Usability; World Wide Web,KR; PK
Sustainable Retailing – Influencing Consumer Behaviour on Food Waste,2017,Cheryl A. Robinson; Phani Kumar Chintakayala; Sally Russell; William Young,Business Strategy and the Environment,121,Advertising; Business; Cognitive psychology; Engineering; Finance; Food waste; Geometry; Marketing; Mathematics; Order (exchange); Product (mathematics); Psychiatry; Psychological intervention; Psychology; Recall; Waste management,GB; ZA
"Motivating Collaborative Consumption in Fashion: Consumer Benefits, Perceived Risks, Service Trust, and Usage Intention of Online Fashion Rental Services",2021,Hye Jung Jung; Kyu‐Hye Lee; Sae Eun Lee,Sustainability,67,Advertising; Artificial intelligence; Business; Civil engineering; Computer science; Conformity; Consumption (sociology); Engineering; Geometry; Law; Marketing; Mathematics; Medicine; Metropolitan area; Neuroscience; Pathology; Perception; Political science; Product (mathematics); Psychology; Renting; Risk perception; Service (business); Sharing economy; Social psychology; Social science; Sociology; Variety (cybernetics),KR
Consumers' Decision-Making in Online Grocery Shopping: the Impact of Services Offered and Delivery Conditions,2018,Radka Bauerová,Acta Universitatis Agriculturae et Silviculturae Mendelianae Brunensis,29,Advertising; Business; Chemistry; Chromatography; Consumer behaviour; Epistemology; Finance; Grocery shopping; Loyalty; Loyalty business model; Marketing; Order (exchange); Philosophy; Quality (philosophy); Sample (material); Service (business); Service quality,CZ
Consumer reactions to technology in retail: choice uncertainty and reduced perceived control in decisions assisted by recommendation agents,2024,Lélis Balestrin Espartel; Simoni F. Rohden,Electronic Commerce Research,27,Artificial intelligence; Business; Computer science; Control (management); Economics; Expected utility hypothesis; Marketing; Mathematical economics; Microeconomics; Neuroscience; Outcome (game theory); Perception; Psychology; Risk aversion (psychology); Risk perception,PT
Consumer Protection in an Online World: An Analysis of Occupational Licensing,2020,Andrey Fradkin; Bradley Larsen; Chiara Farronato; Erik Brynjolfsson,Unknown,67,Advertising; Business; Computer science; Economics; Internet privacy; Microeconomics; Occupational licensing,IT; US
Assessing Consumer Preferences for Suboptimal Food: Application of a Choice Experiment in Citrus Fruit Retail,2020,Han‐Shen Chen; Hung-Yu Kuo; Shi-Yuan Tung; Wen-Shin Huang,Foods,45,Agricultural economics; Agricultural science; Agriculture; Archaeology; Biology; Business; Chemistry; Ecology; Economics; Engineering; Environmental science; Expiration date; Food choice; Food science; Food waste; Geography; Geometry; Logistic regression; Marketing; Mathematics; Medicine; Microeconomics; Mixed logit; Pathology; Preference; Product (mathematics); Statistics; Sustainability; Waste management; Willingness to pay,TW
"“Influence of Consumer Sales Promotion on Consumers’ Purchasing Behaviour of the Retailing of Consumer Goods in Tema, Ghana”",2020,Ibrahim Ofosu-Boateng,Journal of Marketing Management (JMM),30,Advertising; Business; Chemistry; Chromatography; Consumer behaviour; Law; Marketing; Political science; Politics; Promotion (chess); Purchasing; Sales management; Sales promotion; Sample (material),Unknown
Global Research Trends in Consumer Behavior and Sustainability in E-Commerce: A Bibliometric Analysis of the Knowledge Structure,2022,Paulo Rita; Ricardo F. Ramos,Sustainability,78,Bibliometrics; Biology; Business; Computer science; Conceptual framework; Consumer behaviour; Consumption (sociology); E-commerce; Ecology; Knowledge management; Law; MEDLINE; Marketing; Omnichannel; Political science; Scopus; Social science; Sociology; Sustainability; World Wide Web,PT
The influence of consumer personality traits on mobile shopping intention,2020,Concepción Varela Neira; Zaira Camoiras Rodríguez,Spanish Journal of Marketing - ESIC,34,Advertising; Big Five personality traits; Business; Computer science; Creativity; Human–computer interaction; Machine learning; Neuroscience; Originality; Perception; Personality; Personality psychology; Psychology; Social psychology; Usability; Value (mathematics),ES
Consumer Expectation from Online Retailers in Developing E-commerce Market: An Investigation of Generation Y in Bangladesh,2015,Syed Mahmudur Rahman,International Business Research,23,Advertising; Archaeology; Biology; Business; Clothing; Computer science; Context (archaeology); Demography; E-commerce; Epistemology; Face-to-face; Geometry; History; Law; Marketing; Mathematics; Paleontology; Philosophy; Political science; Population; Product (mathematics); Service (business); Sociology; The Internet; World Wide Web,BD
Modeling the Enablers of Consumers’ E-Shopping Behavior: A Multi-Analytic Approach,2023,Abdullah Mohammed Ibrahim; Haili Yang; Jiantao Zou; Mohammad Masukujjaman; Yueyue Luo; Yunhua Qiu,Sustainability,22,Business; Computer science; Epistemology; Expectancy theory; Habit; Machine learning; Marketing; Philosophy; Psychology; Quality (philosophy); Service (business); Service quality; Social psychology; Structural equation modeling; Unified theory of acceptance and use of technology,BD; CN; MY
A Decision Support Model for Financial Performance Evaluation of Listed Companies in The Vietnamese Retailing Industry,2020,Dang-Duong VU; Jung‐Fa Tsai; Phi-Hung Nguyen; Trong- Khoi DAO; Viet-Trang NGUYEN,Journal of Asian Finance Economics and Business,33,Archaeology; Business; Computer science; Corporation; Finance; Financial ratio; History; Leverage (statistics); Linguistics; Machine learning; Philosophy; Profitability index; Quarter (Canadian coin); Stock exchange; Vietnamese,TW; VN
The Impact of Artificial Intelligence and Digital Economy Consumer Online Shopping Behavior on Market Changes,2022,Ying Xiong,Discrete Dynamics in Nature and Society,24,Advertising; Artificial intelligence; Business; Computer science; Consumer behaviour; Digital economy; World Wide Web,CN
Digital Nudging for Online Food Choices,2021,Bartosz Gula; Dietmar Jannach; Mathias Jesse,Frontiers in Psychology,40,Affect (linguistics); Applied psychology; Choice architecture; Communication; Computer science; Default; Economics; Finance; Food choice; Internet privacy; Medicine; Nudge theory; Pathology; Psychology; Social psychology,AT
Exploring Chinese Consumers’ Online Purchase Intentions toward Certified Food Products during the COVID-19 Pandemic,2021,Angelika Ploeger; Xin Qi; Xu Tian,Foods,32,Advertising; Artificial intelligence; Business; Certification; Computer science; Control (management); Coronavirus disease 2019 (COVID-19); Disease; Economics; Epistemology; Explanatory power; Human–computer interaction; Infectious disease (medical specialty); Machine learning; Management; Marketing; Medicine; Pandemic; Pathology; Philosophy; Psychology; Quality (philosophy); Structural equation modeling; Theory of planned behavior; Usability,CN; DE
Consumers’ Cross-Channel Use in Online and Offline Purchases,2016,A. E. Bronner; Edith G. Smit; Hilde Voorveld; P. C. Neijens,Journal of Advertising Research,46,Advertising; Business; Channel (broadcasting); Computer science; Geometry; Marketing; Mathematics; Online and offline; Operating system; Product (mathematics); Product type; Programming language; Telecommunications,Unknown
Consumers’ Continuous Use Intention of O2O E-Commerce Platform on Community: A Value Co-Creation Perspective,2022,Hongbing Jiang; Yaru Wei; Yongming Zhu; Zhihao Zhou,Sustainability,37,Affect (linguistics); Artificial intelligence; Business; Communication; Computer science; Customer satisfaction; Customer value; Economics; Epistemology; Intension; Knowledge management; Machine learning; Marketing; Microeconomics; Perspective (graphical); Philosophy; Profit (economics); Psychology; Structural equation modeling; Value (mathematics),CN
Consumer Preference for Food Bundles under Cognitive Load: A Grocery Shopping Experiment,2022,Anya Samek; Kathryn A. Carroll; Lydia Zepeda,Foods,17,Advertising; Bundle; Business; Cognition; Composite material; Economics; Geometry; Grocery shopping; Marketing; Materials science; Mathematics; Microeconomics; Neuroscience; Preference; Product (mathematics); Profit (economics); Psychology,US
"Online Grocery Shopping: Exploring the Influence of Income, Internet Access, and Food Prices",2024,Harman Preet Singh; Ibrahim Abdullah Alhamad; Michael Olumekor,Sustainability,16,Agriculture; Archaeology; Biology; Business; Chemistry; Chromatography; Computer science; Demography; Ecology; Economic growth; Economics; Food prices; Food security; Geography; Grocery shopping; Inequality; Internet access; Marketing; Mathematical analysis; Mathematics; Population; Poverty; Sample (material); Sociology; Sustainability; The Internet; World Wide Web,RU; SA
Changes in Retail Organic Price Premiums from 2004 to 2010,2016,"Andrea Carlson; Carlson, Andrea; Edward C. Jaenicke; Jaenicke, Edward","AgEcon Search (University of Minnesota, USA)",21,Agricultural economics; Agricultural science; Agriculture; Archaeology; Business; Chemistry; Econometrics; Economics; Environmental science; Food products; Food science; Geography; Hedonic pricing; Marketing; Organic product; Retail market,Unknown
"Less meat in the shopping basket. The effect on meat purchases of higher prices, an information nudge and the combination: a randomised controlled trial",2022,Elisabeth H. M. Temme; Ingrid HM Steenhuis; Margreet R. Olthof; Michelle Eykelenboom; R. de Jonge; Reina E. Vellinga,BMC Public Health,24,Biostatistics; Consumption (sociology); Environmental health; Medicine; Nursing; Psychiatry; Psychological intervention; Public health; Randomized controlled trial; Social science; Sociology; Surgery,NL
"Wasting of Fresh-Packed Bread by Consumers—Influence of Shopping Behavior, Storing, Handling, and Consumer Preferences",2018,Ole Jørgen Hanssen; Sofie Østergaard,Sustainability,40,Business; Computer science; Endocrinology; Engineering; Food waste; Marketing; Medicine; Programming language; Scope (computer science); Waste management; Wasting,NO
"Customer’s Choice of Purchasing Channel: Do Channel Characteristic, Brand, and Loyalty Matter When Shopping in Hybrid Retailers?",2021,Radka Bauerová; Veronika Braciníková,Sustainability,26,Advertising; Brand loyalty; Brand management; Business; Channel (broadcasting); Computer science; Geometry; Loyalty; Loyalty business model; Marketing; Mathematics; Neuroscience; Online and offline; Operating system; Perception; Product (mathematics); Psychology; Purchasing; Service (business); Service quality; Telecommunications,CZ
Research on the Impact of Marketing Strategy on Consumers’ Impulsive Purchase Behavior in Livestreaming E-commerce,2022,Bing Chen; Hassan Rasool; Jun Wang; Lei Wang,Frontiers in Psychology,67,Advertising; Business; Computer science; E-commerce; Economics; Finance; Geometry; Marketing; Mathematics; Microeconomics; Neuroscience; Perception; Product (mathematics); Profitability index; Psychology; Scarcity; World Wide Web,CN; PK
Pricing Strategies of Food Retailers,2020,Jūra Liaukonytė; Stephen F. Hamilton; Timothy J. Richards,Annual Review of Resource Economics,19,Business; Cournot competition; Economics; Empirical evidence; Epistemology; Geometry; Industrial organization; Marketing; Mathematics; Microeconomics; Philosophy; Pricing strategies; Product (mathematics); Product differentiation,US
"Eco-friendly Retail Product Attributes, Customer Attributes and the Repurchase Intentions of South African Consumers",2016,Job Dubihlela; Tandiswa Ngxukumeshe,International Business & Economics Research Journal (IBER),29,Biology; Business; Computer science; Confirmatory factor analysis; Consumer behaviour; Consumption (sociology); Creativity; Ecology; Environmentally friendly; Geometry; Machine learning; Marketing; Mathematics; Originality; Product (mathematics); Psychology; Service (business); Social psychology; Social science; Sociology; Structural equation modeling; Sustainability; Sustainable consumption,ZA
Costs of Managerial Attention and Activity as a Source of Sticky Prices: Structural Estimates from an Online Market,2018,Christopher M. Snyder; Hongkai Zhang; Sara Fisher Ellison,Unknown,35,Business; Econometrics; Economics,CN; FR; US
Corporate Taxes and Retail Prices,2020,Constantine Yannelis; Scott Baker; Stephen Teng Sun,Unknown,33,Business; Commerce; Economics; Industrial organization; Monetary economics,CA; HK; US
Price search behaviour in digital markets – A perspective from Romania,2020,Claudia-Elena Ţuclea; Diana Maria Vrânceanu; Gabriela Ţigu,Management & Marketing,19,Advertising; Artificial intelligence; Business; Chemistry; Chromatography; Computer science; Machine learning; Marketing; Online search; Operating system; Perspective (graphical); Process (computing); Sample (material); Structural equation modeling; The Internet; Value (mathematics); World Wide Web,RO
Sustainable Consumer Behavior: The Driving Force of Innovation in Retail,2023,Aleš Hes; Daniela Šálková; Petr Kučera,Sustainability,17,Advertising; Business; Consumer behaviour; Law; Marketing; Mathematics; Political science; Purchasing; Statistics; Structural equation modeling; Sustainable development,CZ
Eco-Labeling and Retailer Pricing Strategies: The U.K. Haddock Market,2018,Dengjun Zhang; Frank Asche; Geir Sogn‐Grundvåg; James A. Young,Sustainability,14,Advertising; Biology; Business; Competitive advantage; Ecology; Fish <Actinopterygii>; Fishery; Geometry; Haddock; Industrial organization; Law; Marketing; Mathematics; Political science; Politics; Pricing strategies; Product (mathematics); Promotion (chess); Sustainability,GB; NO; US
Consumer adoption of on‐demand digital platforms: An integrated model,2023,Bibiana Chiu Yiong Lim; Choi‐Meng Leong; Grace Phang Ing; Tze‐Yin Lim; Weng Heng Foong,Global Business and Organizational Excellence,33,Advertising; Biology; Business; Computer science; Consumer behaviour; Context (archaeology); Expectancy theory; Machine learning; Marketing; Neuroscience; Paleontology; Perception; Psychology; Risk perception; Social influence; Social psychology; Structural equation modeling; Unified theory of acceptance and use of technology,MY
Why Do Some Consumers Still Prefer In-Store Shopping? An Exploration of Online Shopping Cart Abandonment Behavior,2022,Binyao Ning; Jun‐Hwa Cheah; Siqi Wang; Xin‐Jean Lim; Ye Ye,Frontiers in Psychology,33,Abandonment (legal); Advertising; Antecedent (behavioral psychology); Business; Cart; Computer science; Database transaction; Engineering; Law; Machine learning; Marketing; Mechanical engineering; Mediation; Moderation; Political science; Programming language; Psychology; Social psychology; Structural equation modeling,CN; MY
Recognizing Personality Traits Using Consumer Behavior Patterns in a Virtual Retail Store,2022,Irene Alice Chicchi Giglioli; Jaikishan Khatri; Jaime Guixeres; Javier Marín‐Morales; Mariano Alcañíz; Masoud Moghaddasi,Frontiers in Psychology,33,Applied psychology; Big Five personality traits; Cognitive psychology; Consumer behaviour; Personality; Psychology; Social psychology,ES
"Price dispersion, chain heterogeneity, and search in online grocery markets",2018,Daniel Miles‐Touya; Xulia González,SERIEs,12,Business; Computer science; Dispersion (optics); Econometrics; Economics; Geometry; Information retrieval; Mathematics; Microeconomics; Online search; Optics; Physics; Price dispersion; Product (mathematics); Programming language; Search cost; Set (abstract data type),ES
Shopping in Reality or Virtuality? A Validation Study of Consumers’ Price Memory in a Virtual vs. Physical Supermarket,2022,Anne O. Peschel; Lina Jacobsen; Nora Mossing Krogsgaard-Jensen,Foods,18,Advertising; Artificial intelligence; Business; Cognitive psychology; Computer science; Human–computer interaction; Psychology; Virtual reality; Virtuality (gaming),DK
Does Shopping Preparation influence Consumer Buying Decisions?,2016,Benedetta Grandi; Maria Grazia Cardinali; Silvia Bellini,International Business Research,13,Advertising; Business; Demography; Finance; Geometry; Grocery shopping; Marketing; Mathematics; Order (exchange); Population; Product (mathematics); Sociology,IT
Demand for Payment Services and Consumer Welfare: The Introduction of a Central Bank Digital Currency,2020,József Molnár; Kim P. Huynh; Oleksandr Shcherbakov; Qinghui Yu,RePEc: Research Papers in Economics,31,Business; Cash; Commerce; Counterfactual thinking; Credit card; Currency; Debit card; Digital currency; Economics; Electronic money; Epistemology; Finance; Market economy; Monetary economics; Payment; Payment card; Payment service provider; Philosophy; Welfare,CA
A Holistic Perspective Model of Plenary Online Consumer Behaviors for Sustainable Guidelines of the Electronic Business Platforms,2022,Adisorn Leelasantitham; Prateep Puengwattanapong,Sustainability,19,Advertising; Artificial intelligence; Business; Business model; Computer science; Consumer behaviour; Consumer-to-business; E-commerce; Marketing; Online participation; Perspective (graphical); Popularity; Psychology; Purchasing; Social psychology; The Internet; World Wide Web,TH
The impact of shelf tags with Nutri-Score on consumer purchases: a difference-in-difference analysis of a natural experiment in supermarkets of a major retailer in Belgium,2021,Nicolas Berger; Stefanie Vandevijvere,International Journal of Behavioral Nutrition and Physical Activity,32,Clinical nutrition; Internal medicine; Intervention (counseling); Mathematics; Medicine; Psychiatry; Significant difference; Statistics,BE
Exploring consumers’ impulse buying behavior on online apparel websites: An empirical investigation on consumer perceptions,2021,Chao-Hsing Lee; Chien-Wen David Chen; Serhan Demirci; Shu‐Fen Huang; Yen-Ting Chang,International Journal of Electronic Commerce Studies,28,Advertising; Affect (linguistics); Appeal; Archaeology; Business; Clothing; Communication; Consumer behaviour; Creativity; Empirical research; Epistemology; History; Law; Marketing; Mood; Neuroscience; Perception; Philosophy; Political science; Psychology; Social psychology; Vendor,CN; TW
Time spent shopping and consumer clothingpurchasing behaviour,2018,Ivana Kursan Milaković; Ivan‐Damir Anić; Mirela Mihić,Ekonomski pregled,17,Advertising; Anthropology; Archaeology; Business; Clothing; Consumer behaviour; Exploratory research; Fast fashion; History; Marketing; Mathematics; Neuroscience; Perception; Psychology; Purchasing; Sociology; Statistics; Structural equation modeling,HR
Retail or consumer responsibility?—Reflections on food waste and food prices among deal‐prone consumers and market actors,2022,Jessica Aschemann‐Witzel; Louise Randers; Susanne Pedersen,Business Strategy and the Environment,31,Agriculture; Biology; Business; Commerce; Ecology; Economics; Engineering; Food market; Food waste; Marketing; Waste management,DK
Characterizing Young Consumer Online Shopping Style: Indonesian Evidence,2023,Arief Helmi; Ledy Yolanda; Rita Komaladewi; Vita Sarasi,Sustainability,23,Advertising; Archaeology; Art; Business; Computer science; Consumer behaviour; E-commerce; Entertainment; Epistemology; Geography; Indonesian; Linguistics; Marketing; Novelty; Philosophy; Psychology; Quality (philosophy); Social media; Social psychology; Style (visual arts); The Internet; Visual arts; World Wide Web,ID
Predicting Consumer Intention To Adopt Online Grocery Shopping: A Comparative Study Between Millennials In Thailand And Indonesia,2021,Athapol Ruangkanjanases; Bachtiar H. Simamora; Natália Natália; Pattanaporn Sirisrisakulchai,International Journal of Electronic Commerce Studies,13,Advertising; Business; Computer science; Grocery shopping; Human–computer interaction; Indonesian; Linguistics; Marketing; Philosophy; Psychology; Technology acceptance model; Usability,ID; TH
Mobile Apps in Retail: Determinants of Consumer Acceptance – A Systematic Review,2020,Atilla Wohllebe; Phyllis Dirrler; Szilárd Podruzsik,International Journal of Interactive Mobile Technologies (iJIM),26,Advertising; App store; Biology; Business; Business model; Computer science; Consumer-to-business; Evolutionary biology; Function (biology); Loyalty; Machine learning; Marketing; Mobile apps; Mobile commerce; Schema (genetic algorithms); Value (mathematics); World Wide Web,HU
How and When Retailers’ Sustainability Efforts Translate into Positive Consumer Responses: The Interplay Between Personal and Social Factors,2017,Dianne Hofenk; Janjaap Semeijn; Josée Bloemer; Marcel van Birgelen,Journal of Business Ethics,62,Affect (linguistics); Biology; Business; Business ethics; Communication; Consumer behaviour; Corporate social responsibility; Ecology; Law; Legitimacy; Marketing; Moderation; Political science; Politics; Psychology; Public relations; Social psychology; Social sustainability; Sustainability; Sustainability organizations,NL
Building the E-Commerce Supply Chain of the Future: What Influences Consumer Acceptance of Alternative Places of Delivery on the Last-Mile,2021,Björn Asdecker,Logistics,24,Astronomy; Biology; Business; Computer science; Consumer behaviour; Context (archaeology); E-commerce; Knowledge management; Last mile (transportation); Marketing; Mile; Paleontology; Physics; Service (business); Service delivery framework; Service provider; World Wide Web,DE
"Internet Rising, Prices Falling: Measuring Inflation in a World of E-Commerce",2018,Austan Goolsbee; Peter J. Klenow,Unknown,12,Astronomy; Commerce; Computer science; E-commerce; Econometrics; Economics; Falling (accident); Inflation (cosmology); Monetary economics; Physics; Psychiatry; Psychology; The Internet; World Wide Web,US
The Impact of Brand on Consumer Preferences of Milk in Online Purchases: Conjoint Analysis Approach,2021,Friðrik Larsen; Šárka Velčovská,Acta Universitatis Agriculturae et Silviculturae Mendelianae Brunensis,10,Advertising; Business; Conjoint analysis; Economics; Marketing; Microeconomics; Preference,CZ; IS
"Ethically Minded Consumer Behavior, Retailers’ Commitment to Sustainable Development, and Store Equity in Hypermarkets",2020,Irene Gil Saura; Irene Sanchez-González; María Eugenia Ruíz Molina,Sustainability,18,Advertising; Biology; Brand equity; Business; Computer science; Consumer behaviour; Context (archaeology); Customer equity; Ecology; Equity (law); Hypermarket; Law; Loyalty; Loyalty business model; Machine learning; Marketing; Paleontology; Political science; Service (business); Service quality; Sustainability; Sustainable development; Value (mathematics); Word of mouth,EC; ES
Retailing technology: do consumers care?,2020,Alfonso Valdez Cervantes; Ana Dolores Franco Valdez,Spanish Journal of Marketing - ESIC,25,Advertising; Business; Computer science; Conceptual framework; Conceptual model; Creativity; Database; Economics; Epistemology; Leverage (statistics); Machine learning; Macroeconomics; Marketing; Neuroscience; Originality; Perception; Philosophy; Productivity; Psychology; Social psychology,MX
Does online chatter matter for consumer behaviour? A priming experiment on organic food,2021,Hannah Danner; John Thøgersen,International Journal of Consumer Studies,24,Biology; Business; Chemistry; Food science; Germination; Horticulture; Marketing; Priming (agriculture); Psychology,DE; DK
The marketing firm: Retailer and consumer contingencies,2019,Asle Fagerstrøm; Gordon R. Foxall; Jørgen Breivik; Nils Magne Larsen; Valdimar Sigurðsson,Managerial and Decision Economics,12,Advertising; Business; Computer science; Database transaction; Finance; Machine learning; Marketing; Parallel computing; Programming language; TRIPS architecture; Transaction cost; Value (mathematics),GB; IS; NO
Intelligent personalized shopping recommendation using clustering and supervised machine learning algorithms,2022,Achraf Bouaoune; Alix Boc; Bogdan Mazoure; Moloud Abdar; Nadia Tahiri; Nail Chabane; Reda Amir Sofiane Tighilt; U. Rajendra Acharya; Vladimir Makarenkov; Étienne Lord,PLoS ONE,10,Algorithm; Artificial intelligence; Artificial neural network; Cluster analysis; Computer science; Data mining; Geometry; Machine learning; Mathematics; Product (mathematics); Programming language; Random forest; Recommender system; Recurrent neural network; Set (abstract data type),AU; CA; SG; TW
Utility and Acceptability of AI-Enabled Chatbots on theOnline Customer Journey in E-Retailing,2024,Jyoti Rana; Ruchi Jain; Vibha Nehra,International Journal of Computing and Digital Systems,12,Business; Chatbot; Computer science; Data science; Marketing; World Wide Web,Unknown
Setting acceptable prices: a key for success in retailing,2019,Bernabé Escobar‐Pérez; Francisco Javier Rondán Cataluña; Manuel A. Moreno-Prada,Spanish Journal of Marketing - ESIC,11,Accounting; Biology; Business; Competition (biology); Creativity; Earnings; Ecology; Economics; Empirical research; Geometry; Industrial organization; Law; Marketing; Mathematics; Originality; Point (geometry); Political science; Pricing strategies; Statistics; Value (mathematics),ES
Changing Trends of Consumers' Online Buying Behavior During COVID-19 Pandemic With Moderating Role of Payment Mode and Gender,2022,Rao Muhammad Rashid; Sana Sajid; Waleej Haider,Frontiers in Psychology,33,Advertising; Archaeology; Business; Computer science; Consumer behaviour; Context (archaeology); Control (management); Coronavirus disease 2019 (COVID-19); Disease; Economics; Finance; Geography; Human–computer interaction; Infectious disease (medical specialty); Law; Machine learning; Management; Marketing; Medicine; Mode (computer interface); Operating system; Pandemic; Pathology; Payment; Political science; Social media; Structural equation modeling; Technology acceptance model; Theory of planned behavior; Usability,PK
Online Consumer Survey Comparing Different Front-of-Pack Labels in Greece,2021,Chantal Julia; Dimitrios Mantzaris; Dimitrios Papagiannis; Foteini Malli; Ioanna V. Papathanasiou; Konstantinos I. Gourgoulianis; Lamprini Kontopoulou; Morgane Fialon; Γεώργιος Καρπέτας; Εvangelos C. Fradelos,Nutrients,16,Business; Environmental health; Epistemology; Food choice; Logistic regression; Marketing; Mathematics; Medicine; Multinomial logistic regression; Nutrition Labeling; Nutrition facts label; Pathology; Philosophy; Psychology; Quality (philosophy); Statistics,FR; GR
Fresh Apple And Tomato Prices At Direct Marketing Outlets Versus Competing Retailers In The U.S. Mid-Atlantic Region,2015,Steve Martinez,Journal of Business & Economics Research (JBER),8,Advertising; Agricultural economics; Business; Economics; Grocery store,US
Effective Pricing of Perishables for a More Sustainable Retail Food Market,2019,Jaekwon Chung,Sustainability,19,Biology; Business; Chemistry; Commerce; Dynamic pricing; Ecology; Expiration; Expiration date; Food science; Industrial organization; Internal medicine; Marketing; Medicine; Perishability; Pricing strategies; Respiratory system; Sustainability,KR
Benefits and Pitfalls of Online Grocery Shopping as Perceived by the Consumers: Evidence from the Czech Republic,2019,Klára Šarkovská; Zuzana Chytková,Economic Trends and Economic Policy,9,Advertising; Business; Czech; Grocery shopping; Linguistics; Marketing; Philosophy; Psychology,CZ
The Moderator Role of Brand Awareness and Brand Loyalty on Consumers’ Online Impulse Buying Behavior,2018,Mehmet Tığlı; Melis Kaytaz Yiğit,International Journal of Research in Business and Social Science (2147-4478),17,Advertising; Brand awareness; Brand loyalty; Brand preference; Business; Impulse (physics); Loyalty; Marketing; Moderation; Physics; Psychology; Quantum mechanics; Social psychology,TR
E-Commerce and Price Setting: Evidence from Europe,2023,Aneta Błażejowska; Chiara Osbat; David Wittekopf; Elisabeth Wieland; Georg Strasser; Jörn Franke; Karol Szafranek; Lukas Henkel; Paweł Macias,SSRN Electronic Journal,9,Business; Economics; Financial economics; Monetary economics,DE; PL
Exploring the choice between in-store and online shopping,2016,Basil Schmid; Kay W. Axhausen; Simon Schmutz,Repository for Publications and Research Data (ETH Zurich),11,Advertising; Business; Computer science; Economics; Feeling; Marketing; Mathematical analysis; Mathematics; Microeconomics; Preference; Programming language; Psychology; Set (abstract data type); Social psychology; Statistics; Value (mathematics); Variable (mathematics),Unknown
"E-commerce food choice in the west: comparing business-to-consumer, online-to-offline food delivery service, and click and collect",2024,Federico J.A. Pérez-Cueto; Frank Scrimgeour; Ou Wang,Electronic Commerce Research,11,Advertising; Business; Business model; Computer science; Consumer-to-business; Food delivery; Food service; Marketing; Online and offline; Operating system; Service (business); World Wide Web,NZ; SE
"How Modern Witches Enchant TikTok: Intersections of Digital, Consumer, and Material Culture(s) on #WitchTok",2022,Chris Miller,Religions,39,Aesthetics; Art; Capitalism; Consumerism; Digital media; Law; Linguistics; MAGIC (telescope); Materiality (auditing); Media studies; Philosophy; Physics; Political science; Politics; Quantum mechanics; Sociology; Space (punctuation),CA
The Impact of Demographic Variables and Consumer Shopping Orientations on the Purchasing Preference for Different Product Categories in the Context of Online Grocery Shopping,2019,Haseba Hamad; M. Schmitz,Journal of Marketing and Consumer Research,8,Advertising; Archaeology; Business; Consumer behaviour; Context (archaeology); Geography; Geometry; Marketing; Mathematics; Preference; Product (mathematics); Purchasing; Qualitative property; Statistics; Structural equation modeling,IQ
Attractiveness Modeling of Retail on Emotional Fatigue of Consumers,2019,Andrii Galkin; Elena Chuprina; Kolonataievskyi Oleg; Oksana Bodnaruk; Shapovalenko Denys; Yuliia Popova; Yuliia Zaika,South East European Journal of Economics and Business,15,Artificial intelligence; Attractiveness; Boosting (machine learning); Business; Competitive advantage; Computer science; Epistemology; Marketing; Philosophy; Psychoanalysis; Psychology; Quality (philosophy),CA; UA
Consumer behaviour and experiences in a naturalistic online grocery store: implications for nutrition research,2023,Anna Claire Tucker; Anna H. Grummon; Carmen E. Prestemon; Lindsay M. Jaacks; Lindsey Smith Taillie; Marissa G. Hall; Pasquale E. Rummo; Veronica Lippuner; Violet Noe,Journal of Nutritional Science,8,Advertising; Business; Epistemology; Grocery shopping; Grocery store; Medicine; Naturalism; Naturalistic observation; Philosophy; Psychiatry; Psychological intervention; Psychology; Social psychology,GB; US
Asymmetric relationship between global and national factors and domestic food prices: evidence from Turkey with novel nonlinear approaches,2023,Mustafa Tevfik Kartal; Özer Depren,Financial Innovation,25,Archaeology; Biochemistry; Chemistry; Context (archaeology); Econometrics; Economics; Epistemology; Explanatory power; Gene; Geography; Granger causality; Mathematics; Philosophy; Quantile; Quantile regression; Robustness (evolution); Statistics,TR
A Consumer Perspective on Grocery Retailers’ Differentiation,2015,Silvia Bellini,International Business Research,7,Advertising; Biology; Business; Competition (biology); Competitor analysis; Ecology; Finance; Grocery shopping; Grocery store; Marketing; Neuroscience; Order (exchange); Perception; Position (finance); Psychology; Store brand,IT
Which consumer attributes influence South African consumers to shop online,2019,C Mogashoa; KM Makhitha; Louise van Scheers,Journal of Business & Retail Management Research,13,Advertising; Business; Computer science; Consumer behaviour; Demography; Descriptive statistics; Human–computer interaction; Internet shopping; Marketing; Mathematics; Population; Sociology; Statistics; The Internet; Usability; World Wide Web,ZA
Online Purchase Decision of Gen Z Students at Shopee Marketplace,2023,Gusti Rina Fariany; Laila Refiana Said; Maya Anggela,International Journal of Professional Business Review,11,Advertising; Affect (linguistics); Business; Chemistry; Chromatography; Communication; Computer science; Creativity; Demography; Machine learning; Marketing; Nonprobability sampling; Originality; Population; Psychology; Purchasing; Reputation; Sample (material); Social media; Social psychology; Social science; Sociology; Value (mathematics); World Wide Web,Unknown
Consumers’ behavioural responses to price promotions of organic products: an introspective pre-study and an online field experiment,2023,Jaakko Aspara; Jyrki Isojärvi,European Journal of Marketing,12,Advertising; Agriculture; Biology; Business; Cognitive psychology; Consumer behaviour; Ecology; Economics; Geometry; Introspection; Law; Marketing; Mathematics; Microeconomics; Organic product; Political science; Politics; Price premium; Product (mathematics); Promotion (chess); Psychology; Sales management; Sales promotion; Willingness to pay,FI
Analysis of Changes in Shopping Habits and Causes of Food Waste Among Consumers Before and During the COVID-19 Pandemic in Poland,2021,Beata Bilska; Robert Nicewicz,Ochrona Srodowiska i Zasobów Naturalnych - Environmental Protection and Natural Resources,13,Advertising; Biology; Business; Chemistry; Chromatography; Coronavirus disease 2019 (COVID-19); Demography; Disease; Ecology; Economics; Food waste; Geography; Infectious disease (medical specialty); Law; Marketing; Medicine; Pandemic; Pathology; Political science; Respondent; Sample (material); Socioeconomics; Sociology,BE; PL
Factors Affecting Mobile Shoppers’ Continuation Intention of Coffee Shop Online Store: A Perspective on Consumer Tolerance,2019,K.C Chen,International Journal of Electronic Commerce Studies,21,Advertising; Artificial intelligence; Business; Computer science; Geometry; Marketing; Mathematics; Orientation (vector space); Perspective (graphical); Psychology; Reputation; Social science; Sociology,TW
Sustainability and Consumer Behavior in Electronic Commerce,2023,Lenka Štofejová; Mária Tomášová; Radovan Bačík; Richard Fedorko; Štefan Kráľ,Sustainability,27,Biology; Business; Confirmatory factor analysis; Consumer awareness; Consumer behaviour; Digitization; Ecology; Economics; Engineering; Environmental economics; Finance; Green marketing; Marketing; Mathematics; Microeconomics; Order (exchange); Purchasing; Service (business); Statistics; Structural equation modeling; Sustainability; Sustainable products; Telecommunications; Willingness to pay,SK
"Consumers’ Quality Perception and Acceptance of Suboptimal Food: An Online Survey in Selangor and Kuala Lumpur, Malaysia",2023,H LAW; See Meng Lim; Siew Siew Lee,Foods,11,Advertising; Business; Environmental health; Epistemology; Food quality; Kuala lumpur; Marketing; Medicine; Neuroscience; Pathology; Perception; Philosophy; Population; Psychology; Quality (philosophy),MY
Shopping for Society? Consumers’ Value Conflicts in Socially Responsible Consumption Affected by Retail Regulation,2017,Hyo‐Jung Kim; Jin-Myong Lee; Jong‐Youn Rha,Sustainability,13,Advertising; Business; Computer science; Conformist; Consumer behaviour; Consumption (sociology); Economics; Law; Machine learning; Marketing; Political science; Politics; Social science; Sociology; Value (mathematics),KR
"Price, convenience, the buying experience, and othermotivations for purchasing tobacco and e-cigarettes online",2022,Hollie Tripp; Jessica King Jensen; Julie Williams Merten; Kayla Rebentisch,Tobacco Induced Diseases,11,Advertising; Business; Consumption (sociology); Electronic cigarette; Environmental health; Epistemology; Geometry; Marketing; Mathematics; Medicine; Pathology; Philosophy; Popularity; Product (mathematics); Psychology; Purchasing; Quality (philosophy); Social psychology; Social science; Sociology; Tobacco product,US
Strategic Obfuscation and Retail Pricing,2019,Céline Bonnet; Gordon J. Klein; Timothy J. Richards; Zohra Bouamra‐Mechemache,Review of Industrial Organization,10,Advertising; Archaeology; Business; Computer science; Computer security; Engineering; Feature (linguistics); Geometry; German; History; Linguistics; Machine learning; Manufacturing engineering; Margin (machine learning); Marketing; Mathematics; Obfuscation; Philosophy; Product (mathematics); Product line,DE; FR; US
Consumer Sustainable Shopping Practices for Small Business during COVID-19,2021,Ann Berry; Christopher Sneed; Michelle Childs; Sejin Ha,Sustainability,23,Archaeology; Biology; Business; Chemistry; Chromatography; Consumption (sociology); Coronavirus disease 2019 (COVID-19); Disease; Ecology; Geography; Household income; Infectious disease (medical specialty); Marketing; Medicine; Optimism; Pandemic; Pathology; Physics; Psychological resilience; Psychology; Resilience (materials science); Sample (material); Social psychology; Social science; Sociology; Sustainability; Thermodynamics,US
Organic defaults in online‐shopping: Immediate effects but no spillover to similar choices,2020,Florian Kutzner; Max Ihmels; Sascha Kuhn,Journal of Consumer Behaviour,13,Advertising; Artificial intelligence; Business; Computer science; Default; Economics; Finance; Geometry; Marketing; Mathematics; Microeconomics; Opt-out; Personalization; Product (mathematics); Selection (genetic algorithm); Spillover effect,DE; US
"Consumers’ Implicit and Explicit Recall, Understanding and Perceptions of Products with Nutrition-Related Messages: An Online Survey",2020,Angela Oh; Beatriz Franco‐Arellano; Lana Vanderlee; Mary R. L’Abbé; Mavra Ahmed,International Journal of Environmental Research and Public Health,10,Cognitive psychology; Computer science; Developmental psychology; Epistemology; Geometry; Likert scale; Mathematics; Medicine; Neuroscience; Perception; Philosophy; Product (mathematics); Programming language; Psychology; Quality (philosophy); Recall; Social psychology; Symbol (formal),CA
A study of food retailing: How does consumer price sensitivity vary across food categories and retailer types in Mexico?,2019,Aarti S. Ivanič; Eduardo Durazo Watanabe; Eduardo Raúl Díaz Gómez,Contaduría y Administración,7,Advertising; Business; Competitor analysis; Computer science; Economics; Geometry; Machine learning; Marketing; Mathematics; Microeconomics; Pricing strategies; Product (mathematics); Rivalry; Value (mathematics),MX; US
Consumer Adoption of Online-to-Offline Food Delivery Services: A Conceptual Model,2020,Ou Wang,Springer proceedings in business and economics,8,Business; Computer science; Conceptual framework; Conceptual model; Database; Demographics; Demography; Epistemology; Finance; Law; Marketing; Online and offline; Operating system; Order (exchange); Philosophy; Political science; Politics; Promotion (chess); Quality (philosophy); Service (business); Social science; Sociology,NZ
Data Preprocessing for Evaluation of Recommendation Models in E-Commerce,2019,Drimik Roy Chowdhury; Namrata Chaudhary,Data,13,Accounting; Artificial intelligence; Biology; Business; Computer science; Context (archaeology); Data collection; Data mining; E-commerce; Geometry; Information retrieval; Mathematics; Online advertising; Outlier; Paleontology; Product (mathematics); Programming language; Recommender system; Revenue; Set (abstract data type); Statistics; The Internet; Visitor pattern; World Wide Web,IN; US
Enhancing Retail Transactions: A Data-Driven Recommendation Using Modified RFM Analysis and Association Rules Mining,2023,Angela Hsiang-Ling Chen; Sebastian Gunawan,Applied Sciences,22,Artificial intelligence; Artificial neural network; Association rule learning; Business; Classifier (UML); Cluster analysis; Computer science; Data mining; Database; Database transaction; Geometry; Index (typography); Marketing; Mathematics; Overfitting; Product (mathematics); Purchasing; Transaction data; World Wide Web,TW
Are price discounts on sugar-sweetened beverages (SSB) linked to household SSB purchases? – a cross-sectional study in a large US household and retail scanner database,2021,Amy H. Auchincloss; Brent A. Langellier; Mark Stehr; Yichen Zhong,Nutrition Journal,9,Agricultural economics; Business; Cross-sectional study; Demography; Economics; Environmental health; Law; Marketing; Medicine; Pathology; Per capita; Political science; Politics; Population; Promotion (chess); Purchasing; Socioeconomic status; Sociology,US
The Impact of Digital Media Advertising on Consumer Behavior Intention: The Moderating Role of Brand Trust,2020,Assia Enehasse,Journal of Marketing and Consumer Research,22,Advertising; Business; Computer science; Confirmatory factor analysis; Digital media; Marketing; Psychology; Service (business); World Wide Web,TR
Spatial shopping behavior during the Corona pandemic: insights from a micro-econometric store choice model for consumer electronics and furniture retailing in Germany,2023,Thomas Wieland,Journal of Geographical Systems,8,Advertising; Archaeology; Business; Channel (broadcasting); Computer science; Consumer behaviour; Context (archaeology); Coronavirus disease 2019 (COVID-19); Database transaction; Demographic economics; Disease; Economics; Empirical research; Engineering; Epistemology; Geography; Geometry; Infectious disease (medical specialty); Marketing; Mathematics; Medicine; Pandemic; Pathology; Philosophy; Product (mathematics); Programming language; Residence; Telecommunications; Transaction data,DE
The Influence of Gamification on Online Consumers Attitude and Intention to Purchase Fast Moving Consumer Goods,2020,Farıd Huseynov; Kaouther Dhahak,Business and Economics Research Journal,25,Advertising; Business; Consumer behaviour; Fast-moving consumer goods; Marketing,TR
"Optimizing service level, price, and inventory decisions for a supply chain with retailers’ competition and cooperation under VMI strategy",2022,Hasan Khademi-Zare; Marzieh Karimi; Mohammad Bagher Fakhrzad; Yahia Zare-Mehrjerdi,RAIRO. Operations research,13,Biology; Business; Competition (biology); Ecology; Economics; Game theory; Industrial organization; Marketing; Microeconomics; Nash equilibrium; Profit (economics); Service (business); Service level; Stackelberg competition; Supply chain; Supply chain management; Vendor; Vendor-managed inventory,IR
"Time analysis of online consumer behavior by decision trees, GUHA association rules, and formal concept analysis",2024,Ján Guniš; Józef Bućko; Ondrej Krídlo; Peter Eliaš; Stanislav Krajči; Tomáš Pitka; Ľubomír Antoni; Ľubomír Šnajder,Journal of Marketing Analytics,9,Affinity analysis; Artificial intelligence; Association rule learning; Biology; Business; Computer science; Consumer behaviour; Context (archaeology); Data science; Decision tree; Marketing; Paleontology,SK
Pandemic pricing: Evidence from German grocery e‐commerce,2023,Ellen Van Droogenbroeck; Svetlana Fedoseeva,Agribusiness,5,Advertising; Archaeology; Business; Computer science; Coronavirus disease 2019 (COVID-19); Disease; E-commerce; EconLit; Economics; Geography; Geometry; German; Grocery shopping; Infectious disease (medical specialty); Law; MEDLINE; Machine learning; Margin (machine learning); Mathematics; Medicine; Pandemic; Pathology; Political science; Product (mathematics); Value (mathematics); World Wide Web,BE; DE
The effect of inertia and satisfaction on consumer loyalty in online shopping sites,2018,Aysel Erci̇ş; F. Görgün Deveci; Tuğba YILDIZ,Pressacademia,14,Advertising; Business; Classical mechanics; Consumer satisfaction; Inertia; Loyalty; Marketing; Physics; Psychology,TR
Difference between consumer preferences to choose between the traditional retailing and modern retailing,2019,Shaheera Amin; Syeda Shawana Mahasan,Journal of Business & Retail Management Research,8,Advertising; Business; Computer science; Consumer behaviour; Demographics; Demography; Economic growth; Economics; Marketing; Phenomenon; Physics; Quantum mechanics; Sociology; The Internet; Urbanization; World Wide Web,PK
Agroeconomic Indexes and Big Data: Digital Marketing Analytics Implications for Enhanced Decision Making with Artificial Intelligence-Based Modeling,2024,Kanellos Toudas; Marina C. Terzi; Nikolaos T. Giannakopoulos; Stavros P. Migkos; Δαμιανός Π. Σακάς; Νίκος Κανέλλος,Information,16,Analytics; Artificial intelligence; Big data; Business intelligence; Computer science; Data mining; Data science; Intelligent decision support system; Knowledge management; Marketing and artificial intelligence,GR
Consumers' attitude to and choice of store brands in fashion apparel: Role of gender and shopping style,2015,Kemal Kurtuluş; Zeynep Özdamar Ertekin,OpenMETU (Middle East Technical University),10,Advertising; Archaeology; Biology; Brand awareness; Brand loyalty; Brand management; Business; Clothing; Context (archaeology); History; Loyalty; Marketing; Paleontology; Store brand,TR
How Does Online Engagement Drive Consumers' Webrooming Intention?,2021,Amit Shankar; Charles Jebarajakirthy; Manish Gupta; Rambalak Yadav,Journal of Global Information Management,27,Advertising; Business; Channel (broadcasting); Computer network; Computer science; Machine learning; Marketing; Neuroscience; Online and offline; Operating system; Perception; Psychology; Risk perception; Structural equation modeling; Value (mathematics),AU; IN
Online Grocery Shopping Behavior among Consumers in Singapore,2022,Asokan Vasudevan; Tan Ping Ping; Walton Wider,International Journal of Management and Sustainability,7,Advertising; Business; Computer science; Consumer behaviour; Coronavirus disease 2019 (COVID-19); Disease; Economics; Epistemology; Globalization; Grocery shopping; Infectious disease (medical specialty); Law; Machine learning; Market economy; Marketing; Medicine; Pandemic; Pathology; Philosophy; Political science; Psychology; Quality (philosophy); Service (business); Service quality; Social media; Structural equation modeling,Unknown
Understanding E-Commerce Consumers’ Repeat Purchase Intention: The Role of Trust Transfer and the Moderating Effect of Neuroticism,2021,Cheong Kim; Hyeon Gyu Jeon; Jungwoo Lee; Kun Chang Lee,Frontiers in Psychology,42,Biology; Business; Computer science; Context (archaeology); E-commerce; Machine learning; Marketing; Neuroticism; Paleontology; Personality; Psychology; Social psychology; Structural equation modeling; World Wide Web,CA; KR
Consumers’ Change in Trust and Security after a Personal Data Breach in Online Shopping,2022,Artur Strzelecki; Mariia Rizun,Sustainability,15,Advertising; Business; Computer science; Data breach; IBM; Internet privacy; Marketing; Materials science; Nanotechnology; Purchasing; Trustworthiness,PL
Location Recommendation of Digital Signage Based on Multi-Source Information Fusion,2018,Chongchong Yu; Dong Jiang; Jingying Fu; Min Jin; Xiaolan Xie; Xun Zhang,Sustainability,12,Advertising; Archaeology; Beijing; Business; Cartography; China; Computer science; Digital mapping; Digital signage; Engineering; Geography; Signage; Transport engineering; World Wide Web,CN
Antecedents and consequences of a retailers’ price image: The moderating role of pricing strategy,2023,Abdullah Al Mamun; Hendri Andi Mesta; Mohammad Enamul Hoque; Najeeb Ullah Shah; Nik Mohd Hazrul Nik Hashim; Nor Liza Abdullah; Perengki Susanto,Cogent Business & Management,9,Advertising; Biology; Business; Competition (biology); Ecology; Economics; Empirical research; Epistemology; Limit price; Marketing; Microeconomics; Mid price; Monetary economics; Philosophy; Price discrimination; Price level; Pricing strategies,BD; GB; ID; MY
The Impacts of Food Waste Information on Consumer Preferences for Blemished Produce and Implications for Food Retailers,2022,Alba J. Collart; Chloe’ Henson; Josh Maples; Matthew G. Interis,Journal of Agricultural and Applied Economics,5,Accounting; Business; Consumer behaviour; Consumer information; Economics; Engineering; Food waste; Marketing; Microeconomics; Revenue; Waste management; Willingness to pay,US
Retailing 4.0: The New Era of E-commerce in Fast Moving Consumer Goods,2018,Daniele Fornari; Edoardo Fornari; Sebastiano Grandi,Symphonya Emerging Issues in Management,4,Advertising; Business; Channel (broadcasting); Commerce; Computer science; E-commerce; Economics; Engineering; Fast-moving consumer goods; Finance; Industrial organization; Marketing; Mechanical engineering; Microeconomics; Online business; Position (finance); Profit (economics); Retail sales; Supply chain; Telecommunications; The Internet; Work (physics); World Wide Web,IT
Subjectivity of Diamond Prices in Online Retail: Insights from a Data Mining Study,2017,Stanislav Mamonov; Tamilla Triantoro,Journal of theoretical and applied electronic commerce research,8,Acoustics; Biochemistry; Business; CLARITY; Chemistry; Composite material; Computer science; Computer security; Data science; Degree (music); Diamond; Epistemology; Geometry; Key (lock); Machine learning; Marketing; Materials science; Mathematics; Obfuscation; Philosophy; Physics; Product (mathematics); Subjectivity; Value (mathematics),US
The Impact of Social Media on Online Shopping Behavior of Gen Z Consumers In Time of Covid-19 Pandemic; The Moderating Role of Celebrity Endorsements,2023,Dadang Lesmana; Fitriansyah Fitriansyah; Gusti Noorlitaria Achmad; Rizky Yudaruddin,WSEAS TRANSACTIONS ON BUSINESS AND ECONOMICS,6,Advertising; Business; Coronavirus disease 2019 (COVID-19); Disease; Infectious disease (medical specialty); Law; Medicine; Moderation; Pathology; Political science; Psychology; Social media; Social psychology,CZ; ID
The Effects of Online Video on Consumers’ Attitudes Toward Local Food,2017,Alexa J. Lamm; Joy N. Rumble; Ricky Telg; Shuyang Qu,Journal of Applied Communications,8,Advertising; Artificial intelligence; Business; Computer science; Control (management); Epistemology; Marketing; Philosophy; Psychology; Quality (philosophy); Social media; World Wide Web,US
Identifying the effect of retail brands on private residential rental prices in Great Britain,2021,Mark Birkin; Nick Hood; Stephen Clark,Journal of Housing and the Built Environment,4,Business; Economic geography; Economic growth; Economics; Gentrification; Geography; Human geography; Law; Marketing; Matching (statistics); Mathematical analysis; Mathematics; Neighbourhood (mathematics); Political science; Rental housing; Renting; Statistics; Variety (cybernetics),GB
Social Commerce Adoption: A Consumer’s Perspective to an Emergent Frontier,2023,Chadi Aoun; Faiq Defiandry; Savanid Vatanasakdakul,Human Behavior and Emerging Technologies,19,Advertising; Business; Computer science; Consumer behaviour; Epistemology; Law; Machine learning; Marketing; Multitude; Operationalization; Philosophy; Political science; Psychology; Social commerce; Social influence; Social media; Social psychology; Value (mathematics),QA
Marketing opportunities and challenges for locally raised meats: An online consumer survey in South Carolina,2023,Michael Vassalos; Steven T. Richards,Journal of Agriculture Food Systems and Community Development,6,Advertising; Agricultural economics; Agricultural science; Archaeology; Business; Butcher; Economics; Environmental science; Finance; Geography; Geometry; Grocery store; Marketing; Mathematics; Order (exchange); Product (mathematics); Purchasing,US
Analysis of factors that influenced consumers' decision to online shop organic food during Covid-19,2021,Dragan Ilić; Maja Ćirić; Nikola Puvača; Sandra Brkanlić; Svetlana Ignjatijević,Acta agriculturae Serbica,4,Advertising; Business; Coronavirus disease 2019 (COVID-19); Disease; Infectious disease (medical specialty); Marketing; Medicine; Pandemic; Pathology; Purchasing; Purchasing decision,RS
"Retail pharmacy prescription medicines’ availability, prices and affordability in Eswatini",2021,Fátima Suleman; Garikai Shambira,African Journal of Primary Health Care & Family Medicine,6,Business; Economic growth; Economic shortage; Economics; Essential medicines; Family medicine; Government (linguistics); Linguistics; Medical prescription; Medicine; Nursing; Pharmacy; Philosophy; Private sector; Public health,ZA
The Mediating Role of Consumer Social Presence and Satisfaction between E-Commerce Live Streaming Characteristics and Repurchase Intention of Agricultural Products,2024,,Journal of International Business and Management,15,Advertising; Agriculture; Biology; Business; Commerce; Computer science; Ecology; Live streaming; Marketing; Multimedia; Social commerce; Social media; World Wide Web,Unknown
"Consumer Buying Behaviour Towards Online and Offline Shopping: Pre, During and Post Covid 19 Pandemic",2023,Dhananjoy Datta; Priyabrata Roy,International Journal of Professional Business Review,5,Advertising; Business; Computer science; Conceptual framework; Consumer behaviour; Coronavirus disease 2019 (COVID-19); Creativity; Disease; Infectious disease (medical specialty); Machine learning; Marketing; Medicine; Online and offline; Operating system; Originality; Pathology; Psychology; Purchasing; Situational ethics; Social media; Social psychology; Social science; Sociology; Value (mathematics); World Wide Web,Unknown
"High price premiums as barriers to organic meat demand? A hedonic analysis considering species, cut and retail outlet*",2022,Aleksej Trubnikov; Matthias Staudigel,Australian Journal of Agricultural and Resource Economics,16,Agricultural economics; Agriculture; Archaeology; Biology; Business; Cournot competition; Ecology; Econometrics; Economics; Geometry; German; Hedonic pricing; History; Mathematics; Microeconomics; Organic product; Price premium; Product (mathematics); Product differentiation; Willingness to pay,DE
Analysis on Influencing Factors of Consumer Trust in E-Commerce Marketing of Green Agricultural Products Based on Big Data Analysis,2022,Luyan Dong,Mathematical Problems in Engineering,9,Advertising; Agriculture; Biology; Business; Computer science; Construct (python library); Credibility; E-commerce; Ecology; Finance; Geometry; Green marketing; Irrational number; Law; Marketing; Mathematics; Order (exchange); Political science; Programming language; World Wide Web,Unknown
The Importance of Decision Tree Analysis on Strategic Management Practice: Evidence from Retail Industries in US,2022,Mojibola Bamidele-Sadiq; Olamide Gold; Oluwasegun Popoola; Temitope Olubunmi,Journal of Marketing and Consumer Research,4,Artificial intelligence; Business; Business decision mapping; Computer science; Decision analysis; Decision tree; Demography; Economics; Finance; Marketing; Mathematical economics; Order (exchange); Philosophy; Population; Salient; Sociology; Theology; Vision,US
"Consumer Shopping Behaviour in Relation to Factors Influencing Impulse Buying: A Case of Superstores in Karachi, Pakistan",2015,Maha Jamal; Samreen Lodhi,VNU Journal of Science: Natural Sciences and Technology (Vietnam National University),12,Advertising; Business; Consumer behaviour; Credit card; Finance; Impulse (physics); Marketing; Payment; Physics; Purchasing; Quantum mechanics,Unknown
Data-Driven Simulation Modeling of the Checkout Process in Supermarkets: Insights for Decision Support in Retail Operations,2020,Jacek Zabawa; Rafał Weron; Tomasz Antczak,IEEE Access,7,Computer network; Computer science; Engineering; Geometry; Line (geometry); Mathematics; NetLogo; Operating system; Operations research; Point (geometry); Point of sale; Process (computing); Programming language; Queue; Queueing theory; Simulation,PL
What factors influence a consumer's intention to use a mobile device in the grocery shopping process?,2015,Liv Pettersson; Marco Fröhlke,Lund University Publications Student Papers (Lund University),5,Advertising; Archaeology; Business; Chemistry; Chromatography; Computer science; Consumer behaviour; Context (archaeology); Demography; Finance; Geography; Grocery shopping; Human–computer interaction; Marketing; Omnichannel; Order (exchange); Population; Sample (material); Sociology; Technology acceptance model; Usability,Unknown
The Profound Nature of Linkage Between the Impact of the Use of Artificial Intelligence in Retail on Buying and Consumer Behavior and Consumers Perceptions of Artificial Intelligence on the Path to the Next Normal,2021,Ioan Matei Purcărea; Theodor Purcărea; Valeriu Ioan-Franc; Ștefan Alexandru Ionescu,Amfiteatru Economic,6,Artificial intelligence; Biochemistry; Biology; Business; Chemistry; Computer science; Consumer behaviour; Context (archaeology); Finance; Gene; General partnership; Linkage (software); Marketing; Neuroscience; Paleontology; Path (computing); Perception; Programming language; Psychology,RO
"Chinese Preference for Online Grocery Shopping: Shopping for Convenience, Quality or Price?",2017,"Chen, Junhong; Hong Holly Wang; Junhong Chen; Qiujie Zheng; Robin Zhang; Wang, Hong Holly; Zhang, Robin; Zheng, Qiujie","AgEcon Search (University of Minnesota, USA)",3,Advertising; Business; Commerce; Economics; Epistemology; Grocery shopping; Marketing; Microeconomics; Philosophy; Preference; Quality (philosophy),Unknown
Consumer Segmentation in Food Retailing in Croatia: A Latent Class Analysis,2020,Barbara Puh; Ivana Pavlić; Katija Vojvodić,Market-Tržište,4,Advertising; Archaeology; Artificial intelligence; Business; Chemistry; Chromatography; Class (philosophy); Computer science; Consumer behaviour; Context (archaeology); Creativity; Customer satisfaction; Epistemology; Finance; Geography; Geometry; Latent class model; Machine learning; Market segmentation; Marketing; Mathematics; Order (exchange); Originality; Philosophy; Product (mathematics); Psychology; Quality (philosophy); Sample (material); Social psychology,HR
Determinants for consumer food choice with the New Retail e-commerce mode,2019,"Ou Wang; Simon Somogyi; Somogyi, Simon; Wang, Ou","AgEcon Search (University of Minnesota, USA)",4,Advertising; Archaeology; Beijing; Business; China; Consumption (sociology); Environmental health; Epistemology; Food choice; Geography; Geometry; Hypermarket; Law; Marital status; Marketing; Mathematics; Medicine; Pathology; Philosophy; Political science; Politics; Population; Product (mathematics); Promotion (chess); Quality (philosophy); Social science; Sociology,Unknown
Analysis of Influencing Factors on the Willingness and Behavioral Consistency of Chinese Consumers to Purchase Tea via E-Commerce Platforms,2023,D.F. Lin; J. Qiu; Kexiao Xie; Weihan Zhu; Yongqiang Ma; Youcheng Chen; Zhidan Chen,Agriculture,7,Advertising; Artificial intelligence; Business; Computer science; Consistency (knowledge bases); Exploratory factor analysis; Geometry; Marketing; Mathematics; Product (mathematics); Purchasing; Service (business),CN
Towards true prices in food retailing: the value added tax as an instrument transforming agri-food systems,2024,Amelie Michalke; Benjamin Oebel; Lennart Stein; Susanne Stoll‐Kleemann; Tobias Gaugler,Sustainability Science,12,Agricultural economics; Agriculture; Biology; Business; Ecology; Economics; Food science; Food security; Food systems; Mathematics; Statistics; Value (mathematics),DE
Technology Acceptance Model (TAM) as Factors of Online Vegetable Purchasing Decision,2022,Avivah Rahmaningtyas; Ignatius Suprih Sudrajat; Nanang Kusuma Mawardi,Agribusiness Journal,4,Advertising; Business; Computer science; Geometry; Human–computer interaction; Marketing; Mathematics; Physics; Power (physics); Product (mathematics); Purchasing; Purchasing decision; Quantum mechanics; Reliability (semiconductor); Statistic; Statistics; Structural equation modeling; Technology acceptance model; Usability,ID
Is Consumer Self-Confidence Intervenes the Relationship between Shopping Motives and Search for Dress Information?,2015,Abdelhalim Issa Al-Zu'bi,International Journal of Marketing Studies,6,Applied psychology; Biology; Bootstrapping (finance); Business; Chemistry; Chromatography; Confirmatory factor analysis; Context (archaeology); Cronbach's alpha; Developmental psychology; Econometrics; Economics; Law; Marketing; Mathematics; Paleontology; Political science; Psychology; Psychometrics; Recreation; Sample (material); Social psychology; Socialization; Statistics; Structural equation modeling; Varimax rotation,Unknown
To Buy or Not to Buy: Factors that Influence Consumers’ Intention to Purchase Grocery Online,2020,Cheng Ling Tan; Jia Hui Wan; Kah Boon Lim; Sook Fern Yeo,Management and Accounting Review,4,Advertising; Archaeology; Business; Clothing; Computer science; Demography; Government (linguistics); Grocery shopping; History; Linguistics; Marketing; Nonprobability sampling; Philosophy; Population; Sociology; USable; World Wide Web,MY
How German Online Retailers Price Foods: An Empirical Analysis for Chocolate Products,2017,Roland Herrmann; Svetlana Fedoseeva; Theresa Grein,International journal on food system dynamics,3,Advertising; Archaeology; Business; Chemistry; Commerce; Economics; Food science; Geography; German,DE
Consumer Perceptions of Green Industry Retailers,2019,Benjamin L. Campbell; Julie H. Campbell,HortTechnology,5,Accounting; Advertising; Agricultural economics; Agricultural science; Business; Economics; Environmental science; Epistemology; Marketing; Mathematics; Neuroscience; Ordinary least squares; Perception; Philosophy; Psychology; Quality (philosophy); Regression analysis; Service (business); Service quality; Statistics; Variance (accounting),US
A Systematic Review of Consumer Perception: Factors Affecting Green Shopping Bags,2023,P. S. Aithal; V. Ashwini,International Journal of Applied Engineering and Management Letters,7,Advertising; Artificial intelligence; Biology; Business; Computer science; Ecology; Engineering; Environmental pollution; Environmental protection; Environmental science; Environmentally friendly; Green marketing; Marketing; Plastic bag; Variety (cybernetics); Waste management,IN
FACTORS AFFECTING THE DECISION TO SHOP ONLINE VIA E-COMMERCE PLATFORMS IN VIETNAM,2020,Cuong Nguyen; Toan Do,Journal of Science and Technology - IUH,6,Advertising; Artificial intelligence; Business; Competitive advantage; Computer science; Conceptual framework; Conceptual model; Control (management); Database; E-commerce; Epistemology; Human–computer interaction; Linguistics; Marketing; Philosophy; Purchasing; Technology acceptance model; Theory of planned behavior; Usability; Vietnamese; World Wide Web,GB; VN
The Digital Evolution of Consumer Purchasing Methods and the Impact on Retail,2020,Giuseppe Granata,International Journal of Academic Research in Accounting Finance and Management Sciences,7,Advertising; Business; Computer science; Geometry; Marketing; Mathematics; Product (mathematics); Purchasing; The Internet; World Wide Web,IT
Influence of Social Media on Consumers' Online Purchasing Habits During: The COVID-19 Pandemic in Pakistan,2023,Ansar Abbas; Irfan Khan; Muhammad Farooq Ahmad; Muhammad Waseem Akram,International Journal of Management Research and Emerging Sciences,9,Advertising; Business; Computer science; Coronavirus disease 2019 (COVID-19); Data collection; Demography; Descriptive statistics; Disease; Finance; Infectious disease (medical specialty); Marketing; Mathematics; Medicine; Nonprobability sampling; Online advertising; Order (exchange); Pandemic; Pathology; Population; Purchasing; Social media; Social science; Sociology; Statistics; The Internet; World Wide Web,PK
Examining attributes of retailers that influence where cannabis is purchased: a discrete choice experiment,2024,Jennifer Donnan; Karissa Johnston; Lisa Bishop; Maisam Najafizada; Molly K. Downey,Journal of Cannabis Research,9,Advertising; Business; Chemistry; Chromatography; Computer science; Customer base; Discrete choice; Econometrics; Economics; Geometry; Latent class model; Logistic regression; Machine learning; Marketing; Mathematics; Microeconomics; Mixed logit; Multinomial logistic regression; Preference; Product (mathematics); Sample (material); Service (business),CA
An index number approach to estimating organic price premia at retail,2022,Metin Çakır; Michael A. Boland; Qing X. Li; Timothy A. Park; Timothy K.M. Beatty; Yanghao Wang,Journal of the Agricultural and Applied Economics Association,3,Agricultural economics; Archaeology; Computer science; Econometrics; Economics; Geography; Geometry; Index (typography); Mathematics; Metropolitan area; Microeconomics; Point (geometry); Price index; Price premium; Product (mathematics); Risk premium; Willingness to pay; World Wide Web,US
Retailing and consumer demand for convenience,2018,Bart J. Bronnenberg,Edward Elgar Publishing eBooks,4,Business; Commerce; Consumer demand; Economics; Industrial organization; Market economy; Marketing; Microeconomics; Production (economics); Purchasing; Retail trade,Unknown
Expectation and Complaint: Online Consumer Complaint Behavior in COVID-19 Isolation,2022,Huaming Wu; Junjie Zhao; Weihua Wang; Yuting Zhang,Psychology Research and Behavior Management,10,Business; Complaint; Computer science; Consumer behaviour; Customer delight; Customer retention; Customer satisfaction; Epistemology; Geometry; Law; Machine learning; Marketing; Mathematics; Moderation; Philosophy; Political science; Product (mathematics); Psychology; Quality (philosophy); Service (business); Service quality; Social psychology; Structural equation modeling,CN
The invisible hand of touch: Testing a tactile sensation‐choice satisfaction model in online shopping,2024,Anastasiya Saraeva; Aya Shaban; Moira Clark; Susan Rose,Journal of Sensory Studies,7,Applied psychology; Archaeology; Clothing; Cognition; Cognitive psychology; Engineering; History; Lens (geology); Neuroscience; Petroleum engineering; Psychology; Zoom,GB
Connecting Small-Scale Producers and Consumers: Exploring the Feasibility of Online Food Hubs in Low-Income Communities,2020,Erica K. Pence; Julia Dionne; Kelsey Ryan-Simkins; Michelle L. Kaiser,Journal of Agriculture Food Systems and Community Development,8,Agriculture; Archaeology; Biology; Business; Cartography; Context (archaeology); Ecology; Focus group; Food security; Food systems; Geography; Marketing; Scale (ratio); Sustainability; Sustainable agriculture,US
Assessing the Utility of Retailer Based on Generalized Costs of End-Consumers,2020,Andrii Halkin,Foundations of Management,5,Attractiveness; Biology; Business; Demand curve; Econometrics; Economics; Evolutionary biology; Function (biology); Inverse demand function; Marketing; Microeconomics; Psychoanalysis; Psychology,UA
Evaluation of Consumer Behaviour of Millennial and Gen Z Generations in the Latvian Retail Industry,2024,A. D. Uvini V. Liyanage; W. T. M. Hasindu S. Bandara,Economics and Business,4,Business; Business administration; Business management; Engineering; Industrial organization; Latvian; Linguistics; Marketing; Philosophy; Retail industry,LV
"Women's Limited Choice and Availability of Modern Contraception at Retail Outlets and Public-Sector Facilities in Luanda, Angola, 2012–2015",2017,Benjamin Fortin Nieto-Andrade; Dana Sievers; Eva Fidel; Karen Weidert; Ndola Prata; Rebecca G. Simmons; Suzanne O. Bell; А. В. Федорова,Global Health Science and Practice,11,Business; Demography; Descriptive statistics; Developed country; Economic growth; Economics; Environmental health; Family planning; Mathematics; Medicine; Population; Private sector; Research methodology; Sociology; Statistics,US
DEMAND IMPACT FOR PRICES ENDING WITH “9” AND “0” IN ONLINE AND OFFLINE CONSUMER GOODS RETAIL TRADE CHANNELS,2020,Jesús García de Madariaga; Joaquín Sánchez; José Figueiredo; Marcial Lopez-Pastor,International Review of Management and Marketing,3,Advertising; Biology; Business; Commerce; Computer science; Context (archaeology); Economics; Economy; Fast-moving consumer goods; Goods and services; Law; Loyalty; Marketing; Microeconomics; Online and offline; Operating system; Paleontology; Political science; Politics; Promotion (chess); Sales promotion,ES; PT
Consumers' repurchase intention in online grocery shopping in Malaysia,2017,Anis Shaira Sulastri,Universiti Putra Malaysia Institutional Repository (Universiti Putra Malaysia),3,Advertising; Brick and mortar; Business; Computer science; Database transaction; Descriptive statistics; Grocery shopping; Internet shopping; Loyalty; Marketing; Mathematics; Programming language; Statistics; The Internet; World Wide Web,Unknown
Consumer vulnerability in the digital age,2023,OECD,OECD digital economy papers,21,Advertising; Business; Cartography; Computer science; Computer security; Consumer behaviour; Geography; Marketing; Scale (ratio); Vulnerability (computing),Unknown
An Investigation of Consumer Behavior in Online Trade During the Covid-19 Pandemic: A Case Study,2022,Aurela BRAHOLLİ; Wakefield Crushman,Unknown,6,2019-20 coronavirus outbreak; Coronavirus disease 2019 (COVID-19); Disease; Economics; Infectious disease (medical specialty); Medicine; Outbreak; Pandemic; Pathology; Severe acute respiratory syndrome coronavirus 2 (SARS-CoV-2); Virology,AL
Consumer Perception and the Evaluation to Adopt Augmented Reality in Furniture Retail Mobile Application,2022,Fitri Aprilianty; Muhamad Abdilah Ramdani; Mustika Sufiati Purwanegara; Prawira Fajarindra Belgiawan,Binus Business Review,14,Advertising; Augmented reality; Business; Computer science; Consumer behaviour; Government (linguistics); Human–computer interaction; Linguistics; Machine learning; Marketing; Neuroscience; Perception; Philosophy; Psychology; Structural equation modeling,ID
Exploring price tolerance in online retail: A comparative analysis of price comparison website use and repeat purchases,2023,Jan Berends; Torsten J. Gerpott,Electronic Commerce Research,4,Advertising; Archaeology; Business; Combinatorics; German; History; Marketing; Mathematics; Rank (graph theory),DE
"International Market Segmentation across Consumption and Communication Categories: Identity, Demographics, and Consumer Decisions and Online Habits",2020,Drew Franklin; Pornchanoke Tipgomut; Rouxelle de Villiers,IntechOpen eBooks,10,Artificial intelligence; Business; Competitive advantage; Computer science; Consumption (sociology); Control (management); Demographics; Demography; Finance; Market segmentation; Marketing; Operating system; Order (exchange); Process (computing); Segmentation; Selection (genetic algorithm); Social science; Sociology; Target market,Unknown
"Same DNA, same location, same price? Price differences across distribution e‐channels of a single online retailer",2022,Svetlana Fedoseeva; Vladimir Fedoseev,Agribusiness,2,Amazon rainforest; Biochemistry; Biology; Business; Competition (biology); Computer science; Distribution (mathematics); E-commerce; Ecology; EconLit; Econometrics; Economics; Industrial organization; Law of one price; MEDLINE; Mathematical analysis; Mathematics; Microeconomics; Mid price; Monetary economics; Price dispersion; Price level; World Wide Web,DE
Dynamics of Digital Marketing and Consumer Buying Behavior: A Quantitative Analysis,2023,Muhammad Zaly Shah,Journal of Development and Social Sciences,6,Advertising; Business; Consumer behaviour; Cronbach's alpha; Descriptive statistics; Geometry; Marketing; Mathematics; Product (mathematics); Purchasing; Service (business); Statistics,Unknown
Understanding the Purchase Behaviour of Turkish Consumers in B2C E-Commerce,2019,M. Alper Tunga; Nuri Kahraman; Serkan Ayvaz; Yücel Batu Salman,International Journal of Intelligent Systems and Applications in Engineering,5,Business; Commerce; Computer science; E-commerce; Linguistics; Philosophy; Turkish; World Wide Web,TR
"Consumer behavior in augmented shopping reality. A review, synthesis, and research agenda",2022,Robert Mai; Stefan Hoffmann,Frontiers in Virtual Reality,41,Augmented reality; Brick and mortar; Computer science; Consumer behaviour; Empirical research; Epistemology; Human–computer interaction; Philosophy; Psychology; Social psychology; Sociology; The Internet; World Wide Web,DE; FR
Societal Implications of Personalized Pricing in Online Grocery Shopping,2024,Jayson L. Lusk; Jinho Jung; Nicole Olynk Widmar,Food Ethics,2,Advertising; Business; Computer science; Grocery shopping; Grocery store; Internet privacy; Marketing,US
Social media marketing: A new platform that influences Nigerian Generation Y to engage in the actual purchase of fast-moving consumer goods,2021,Enitan Olumide Olutade,Journal of Emerging Technologies,6,Advertising; Business; Chemistry; Chromatography; Computer science; Demography; Digital marketing; Influencer marketing; Marketing; Marketing management; Medicine; Nonprobability sampling; Pathology; Population; Relationship marketing; Sample (material); Snowball sampling; Social media; Social media marketing; Sociology; World Wide Web,ZA
Consumer Citizenship Behavior in Online/Offline Shopping Contexts: Differential Impact of Consumer Perceived Value and Perceived Corporate Social Responsibility,2024,Jingxian Huang; Q Shen; Yuxuan Du,Sustainability,7,Advertising; Aerospace engineering; Business; Citizenship; Computer science; Consumer behaviour; Corporate social responsibility; Differential (mechanical device); Engineering; Law; Machine learning; Marketing; Online and offline; Organizational citizenship behavior; Organizational commitment; Political science; Politics; Psychology; Public relations; Social psychology; Value (mathematics),CN
Applying Deep Learning-Based Personalized Item Recommendation for Mobile Service in Retailor Industry,2022,Lei Lu; Minghua Xiao; Qing Zhou; Wenting He; Xingzhen Tao; Youmei Zhou,Mobile Information Systems,3,Business; Computer science; Database; Database transaction; Field (mathematics); Flexibility (engineering); Geometry; Marketing; Mathematics; Personalization; Popularity; Product (mathematics); Psychology; Pure mathematics; Recommender system; Service (business); Social psychology; Statistics; World Wide Web,CN
Impact of ‘‘high in” front‐of‐package nutrition labeling on food choices: Evidence from a grocery shopping experiment,2023,Christopher Kimmerer; Laura Stortz; Mike von Massow; Yu Na Lee,Canadian Journal of Agricultural Economics/Revue canadienne d agroeconomie,2,Biology; Business; Economics; Ex-ante; Finance; Food choice; Food labeling; Food science; Geometry; Grocery store; Liberian dollar; Macroeconomics; Marketing; Mathematics; Medicine; Nutrition Labeling; Nutrition facts label; Pathology; Product (mathematics),CA
Perspective Chapter: Consumers’ Curbside Pickup and Home Delivery Shopping Behavior in the Post-Pandemic Era,2022,Jia Li; Patrick M. Fisher,"Business, management and economics",2,Advertising; Anthropology; Brick and mortar; Business; Computer science; Coronavirus disease 2019 (COVID-19); Disease; Grocery shopping; Infectious disease (medical specialty); Law; Marketing; Medicine; Pandemic; Pathology; Political science; Sociology; Status quo; The Internet; Typology; World Wide Web,Unknown
The Impact of Stackable Discounts on Retail Price Image,2015,Jane Zhen Cai; Shan Feng,International Journal of Business Administration,3,Advertising; Artificial intelligence; Business; Commerce; Computer science; Economics; Image (mathematics); Machine learning; Marketing; Microeconomics; Neuroscience; Perception; Popularity; Psychology; Social psychology; Value (mathematics),US
Multi-Product Pricing: Theory and Evidence from Large Retailers in Israel,2021,Carlos Carvalho; Marco Bonomo; Oleksiy Kryvtsov; Sigal Ribon,SSRN Electronic Journal,6,Business; Economics; Geometry; Mathematics; Product (mathematics),CA
"Assessing availability, prices, and market share of quality-assured malaria ACT and RDT in the private retail sector in Nigeria and Uganda",2024,Aaron M. Woolsey; Abigail Ward; Chizoba Fashanu; Erica Berlin; Ezinne Eke Aso; Felix Lam; Funlola Osinupebi; Jimmy Opigo; Juliet Nakiganda; Meley Woldeghebriel; Natalie Priestley; Owens Wiwa; Perpetua Uhomoibhi; Robert Mugerwa; Rodger W. Stringham; Sylvia N. Kirumira; Tayo Olaleye; Theodoor Visser,Malaria Journal,7,Accounting; Artemisinin; Audit; Business; Developing country; Economic growth; Economics; Environmental health; Epistemology; Family medicine; Finance; Immunology; Malaria; Market economy; Market share; Medicine; Pharmacy; Philosophy; Plasmodium falciparum; Private sector; Quality (philosophy); Subsidy,NG; UG; US
Domestic and Foreign Origin Foodstuff Prices Comparison in Selected Retail Chains,2017,Anna V. Belova; Jaroslav Homolka; Ondřej Škubna,Agris on-line Papers in Economics and Informatics,2,Business; Commerce; Country of origin; Economics; Industrial organization; Marketing; Monetary economics,CZ
Consumer’s Purchase Intentions for E-Grocery Shopping in India,2016,Himanshu Budhiraja,IOSR Journal of Business and Management,2,Advertising; Business; Commerce; Grocery shopping; Grocery store; Marketing,IN
Factors Affecting the Decision to Shop Directly at Fashion Stores: A Study of Vietnamese Youth in the Context of Online Shopping 4.0,2023,Bui Thi My Tien,International Journal of Professional Business Review,3,Advertising; Biology; Business; Computer science; Context (archaeology); Customer value; Economics; Geometry; Hierarchy; Linguistics; Machine learning; Market economy; Marketing; Mathematics; Originality; Paleontology; Philosophy; Product (mathematics); Qualitative research; Service (business); Social science; Sociology; Value (mathematics); Vietnamese,Unknown
Consumer adoption of online grocery shopping in South Africa,2023,Rhodrick Nyasha Musakuro; Tichaona B. Musikavanhu,South African journal of information management,2,Advertising; Archaeology; Attractiveness; Business; Computer science; Geography; Grocery shopping; Human–computer interaction; Linguistics; Marketing; Medicine; Metropolitan area; Pathology; Philosophy; Phone; Psychoanalysis; Psychology; Purchasing; Snowball sampling; Social media; Usability; World Wide Web,ZA
Strategic Analysis of the Pricing Mechanisms in an Online Book Supply Chain in the Presence of Reference Price Effects,2021,Wenhua Hou; Yuwen Zeng,Journal of theoretical and applied electronic commerce research,6,Advertising; Business; Commerce; Cover (algebra); Economics; Engineering; Marketing; Mechanical engineering; Microeconomics; Stackelberg competition; Supply chain; Unit price,CN
Consumer Shopping Motive Identification: Study of Webrooming vs. Showrooming,2022,Beáta Gavurová; Mária Oleárová; Radovan Bačík,Marketing and Management of Innovations,4,Advertising; Biology; Botany; Brick and mortar; Business; Chemistry; Chromatography; Computer science; Consumer behaviour; Geometry; Identification (biology); Marketing; Mathematics; Neuroscience; Operating system; Perception; Process (computing); Product (mathematics); Psychology; Purchasing; Sample (material); The Internet; World Wide Web,SK
COVID-19’s Effects on Turkish Online Retail Consumers’ Retail Website Visiting Behavior,2020,Ahmet Türkmen,Gaziantep University Journal of Social Sciences,3,Advertising; Anthropology; Business; Christian ministry; Coronavirus disease 2019 (COVID-19); Curfew; Disease; Geography; Infectious disease (medical specialty); Law; Linguistics; Marketing; Medicine; Normalization (sociology); Pandemic; Pathology; Philosophy; Political science; Sociology; Turkish,TR
"Consumers’ perception and choice of shopping place for locally produced tomatoes in the Ashanti Region, Ghana",2023,Alexander Annor Frimpong; Enoch Kwame Tham-Agyekum; Fred Nimoh; Lenouse Annan Mensah,Journal of Agribusiness and Rural Development,2,Advertising; Business; Geography; Marketing; Neuroscience; Perception; Psychology,GH; ZM
RETAILER PRICING STRATEGY: DIFFUSE COUPONS EFFECTS CONTINGENT ON STORE FORMAT,2017,Antonia Petravić Cili; Dario Dunković,Unknown,2,Business; Computer science; Economics; Microeconomics,HR
Exploring Consumers’ Propensity For Online Shopping In A Developing Country: A Demographic Perspective,2016,Michael Adu Kwarteng; Michal Pilík,International Journal of Entrepreneurial Knowledge,5,Advertising; Artificial intelligence; Business; Computer science; Demographics; Demography; Developing country; Digital marketing; Economic growth; Economics; Management; Marketing; Perspective (graphical); Preparedness; Service (business); Sociology; The Internet; World Wide Web,CZ
Antecedents of Chinese Consumer’ Online Shopping Behaviour,2020,Francisca N. Mapiye Dube; Richard Ohene Asiedu,Asian Journal of Business Research,4,Advertising; Business; Marketing; Psychology,CN; MY
Would you fancy a premium five o’clock after the funeral? Application of Terror Management Theory in daily shopping decisions,2018,Jakub Filipkowski; Radosław B. Walczak; Rafał Gerymski,Acta Universitatis Lodziensis Folia Psychologica,3,Advertising; Business; Fear of death; Geometry; Mathematics; Personality; Personality theory; Product (mathematics); Psychiatry; Psychology; Social psychology; Terror management theory,CZ; PL
The impact of process innovation on prices: Evidence from automated fuel retailing in The Netherlands,2018,Adriaan R. Soetevent; Tadas Bružikas,European Economic Review,3,Automation; Business; Competitor analysis; Computer science; Early adopter; Econometrics; Economics; Engineering; Industrial organization; Management; Marketing; Matching (statistics); Mathematics; Mechanical engineering; Operating system; Process (computing); Statistics,NL
The impact of online customer service and store features on consumer experience and willingness to revisit their preferred online store,2025,Corina Pelău; Dan‐Cristian Dabija; Miriam Tiutiu; Sefora Marcela NEMTEANU,Humanities and Social Sciences Communications,6,Advertising; Business; Customer experience; Customer service; Marketing; Service (business),RO
"A STUDY OF THE FACTORS INFLUENCING PURCHASING BEHAVIOUR OF ONLINE CONSUMERS IN KLANG VALLEY, MALAYSIA",2023,Amirtharaj Balasubramaniam; Kumaran Kanapathipillai; Noorain binti Shaharuddin; Shanjit Singh Ranjit Singh; Subarna Sarangapani; Wan Suryana Wan Hasan,European Journal of Economic and Financial Research,6,Advertising; Affect (linguistics); Business; Communication; Consumer behaviour; Geometry; Marketing; Mathematics; Product (mathematics); Psychology; Purchasing,Unknown
Reparation for Service Failure Through Service Recovery: An Assessment of Consumer Behaviour in an Online Shopping Context,2022,Amin Jan; Haider Ali Abbasi; Muhammad Amir Nadeem; Muhammad Mazhar; Rao Abdul Hannan Jaffar; Umaima Tariq,Business Management and Strategy,4,Advertising; Biology; Business; Compensation (psychology); Context (archaeology); Marketing; Paleontology; Psychology; Service (business); Service design; Service guarantee; Service provider; Service quality; Service recovery; Social psychology,AU; MY; PK
The Role of Consumers' Emotions in Online Impulse Buying of Fashion Apparel,2022,Calvin Smith; Chloé C. Kabamba,International Journal of Business and Social Science Research,4,Advertising; Archaeology; Arousal; Business; Clothing; History; Impulse (physics); Linguistics; Philosophy; Physics; Premise; Psychology; Quantum mechanics; Social psychology,US
"Influence of Convenience, Time-Savings, Price, and Product Variety on Amazon Prime Members and Non-Prime Shoppers’ Online Apparel Purchase Intention",2020,Rashaduzzaman,Lincoln (University of Nebraska),6,Advertising; Archaeology; Business; Clothing; Combinatorics; Commerce; Geography; Geometry; Marketing; Mathematics; Prime (order theory); Prime time; Product (mathematics); Statistics; Variety (cybernetics),Unknown
The Effect of Gender on Consumer Satisfaction and Loyalty in Modern Retail Stores,2022,Faezal Faezal; Febrian Humaidi Sukmana; Sri Maryanti; Suharti Suharti,SENTRALISASI,2,Advertising; Biology; Business; Consumer satisfaction; Customer satisfaction; Loyalty; Loyalty business model; Marketing; Mathematics; Multivariate analysis of variance; Paleontology; Psychology; Service (business); Service quality; Significant difference; Statistics; Test (biology),ID
Comparative Analysis of Online Shopping Behavior of Thai and Chinese Consumers,2020,Krit Khwanngern; Varin Chouvatut; Weerakorn Ongsakul,International Journal of Smart Business and Technology,2,Advertising; Business; China; Commerce; Commodity; Computer science; Consumption (sociology); Database transaction; Demography; E-commerce; Finance; Law; Marketing; Political science; Programming language; Social science; Sociology; Thais,TH
Urban food prices under lockdown: Evidence from Myanmar’s traditional food retail sector during COVID-19,2021,Bart Minten; Duncan Boughton; Ian Masias; Isabel Lambrecht; Joseph Goeb; Khin Zin Win; Mywish K. Maredia,IFPRI E-brary (International Food Policy Research Institute),3,2019-20 coronavirus outbreak; Agricultural economics; Biology; Business; Commerce; Coronavirus disease 2019 (COVID-19); Disease; Economics; Geography; Infectious disease (medical specialty); Medicine; Outbreak; Pathology; Severe acute respiratory syndrome coronavirus 2 (SARS-CoV-2); Virology,Unknown
Patterns of the Distribution of the Demand of End-Consumers among Retailers in the Zone of their Residence,2021,Andrii Galkin; Larysa Оbolentseva; Viktor Shyshkin; Vitaliy Zaytsev; Yuliia Popova,Foundations of Management,6,Archaeology; Business; Computer science; Demographic economics; Distribution (mathematics); E-commerce; Economics; Forcing (mathematics); History; Marketing; Mathematical analysis; Mathematics; Plan (archaeology); Purchasing; Residence; The Internet; World Wide Web,UA
The effects of online tactile information source for low-touch products on consumer responses,2021,Carmela Donato; Maria Antonietta Raimondo,Journal of Consumer Marketing,7,Advertising; Business; Computer science; Creativity; Geometry; Haptic technology; Law; Marketing; Mathematics; Moderation; Originality; Political science; Product (mathematics); Product type; Programming language; Psychology; Relevance (law); Simulation; Social psychology,IT
Consumers’ Willingness-to-Pay of Different Pork Preservation Methods in Chinese Retail Market,2017,"Bai, Junfei; Chen, Junhong; H. Holly Wang; John Lai; Junfei Bai; Junhong Chen; Lai, John; Wang, H. Holly",RePEc: Research Papers in Economics,2,Advertising; Agricultural economics; Archaeology; Business; China; Chinese market; Commerce; Economics; Geography; Marketing; Microeconomics; Retail market; Willingness to pay,Unknown
A Consumer Behavior Analysis Framework toward Improving Market Performance Indicators: Saudi’s Retail Sector as a Case Study,2024,Ahmed Barnawi; Monerah Alawadh,Journal of theoretical and applied electronic commerce research,12,Affinity analysis; Artificial intelligence; Association rule learning; Big data; Business; Business intelligence; Cluster analysis; Computer science; Consumer behaviour; Customer intelligence; Customer retention; Data mining; Data science; Database; Database transaction; Marketing; Service (business); Service quality; Transaction data,SA
Sustainable Consumerism via Context-Aware Shopping,2017,Bernhard Bergmair; Evangelos Pournaras; Johannes Klinglmayr; LeanderB. Hörmann; Maria Anneliese Klaffenböck,International Journal of Distributed Systems and Technologies,12,Biology; Boycott; Citizen journalism; Computer science; Consumerism; Context (archaeology); Ecology; Internet privacy; Law; Paleontology; Political science; Politics; Popularity; Public relations; Social media; Sustainability; The Internet; World Wide Web,AT; CH
"Buy here, or keep driving? The effect of geographic market density on retail gas prices",2016,Amy Schultheis; Daniel K. N. Johnson; Devin Nadar; Kristina M.L. Acri née Lybecker,Journal of Business,4,Biology; Business; Competition (biology); Counterintuitive; Ecology; Econometrics; Economics; Epistemology; Geometry; Marketing; Mathematics; Philosophy; Point (geometry); Regression analysis; Retail market; Statistics,US
"Attributes Influencing Consumer Perception Towards Online Food Ordering in Rajasthan, India",2023,Chandra Kant Upadhyay; David Campbell; Mohit Totuka,"Advances in economics, business and management research/Advances in Economics, Business and Management Research",3,Advertising; Business; Conjoint analysis; Finance; Flexibility (engineering); Food delivery; Marketing; Mathematics; Neuroscience; Payment; Perception; Preference; Psychology; Statistics,IN
Cross-Country Price and Inflation Dispersion: Retail Network or National Border?,2023,Fabio Rumler; Georg Strasser; Teresa Messner,SSRN Electronic Journal,4,Business; Dispersion (optics); Econometrics; Economics; Inflation (cosmology); International economics; Monetary economics; Optics; Physics; Price dispersion; Theoretical physics,AT; DE
Effect of a relative pricing intervention and active merchandising on snack purchases: interrupted time series analysis of a hospital retailer-led strategy,2023,Brenda MacDonald; Catherine L. Mah; Emily Jago; Laura J. Kennedy; Nathan Taylor; Taylor Nicholson,International Journal of Behavioral Nutrition and Physical Activity,3,Advertising; Baseline (sea); Business; Cafeteria; Chemistry; Environmental health; Food science; Geology; Internal medicine; Interrupted Time Series Analysis; Interrupted time series; Intervention (counseling); Marketing; Mathematics; Medicine; Obesity; Oceanography; Pathology; Psychiatry; Psychological intervention; Snack food; Snacking; Statistics,CA
DECISION TREES DO NOT LIE: CURIOSITIES IN PREFERENCES OF CROATIAN ONLINE CONSUMERS,2023,Ana Marija Filipas; Ivan Prudky; Nenad Vretenar,Zbornik radova Ekonomskog fakulteta u Rijeci,2,Advertising; Business; Economics; Empirical research; Geometry; Marketing; Mathematics; Microeconomics; Preference; Product (mathematics); Statistics,Unknown
Price Differentiation in Online and Offline Retail: An Empirical Study of Current Practices,2023,Dariusz Jemielniak; Ewa E. Kiczmachowska; Paweł de Pourbaix,Marketing of Scientific and Research Organizations,2,Advertising; Business; Computer science; Cournot competition; Economics; Geometry; Marketing; Mathematics; Microeconomics; Online and offline; Operating system; Popularity; Pricing strategies; Product (mathematics); Product category; Product differentiation; Psychology; Social psychology,PL
Recommendation Systems for e-Shopping: Review of Techniques for Retail and Sustainable Marketing,2023,Alkiviadis Katsalis; Dimitrios Tektonidis; George Stalidis; Iphigenia Karaveli; Konstantinos Christantonis; Konstantinos Diamantaras; Marina Delianidi; Michail Salampasis,Sustainability,17,Business; Computer science; Digital marketing; E-commerce; Field (mathematics); Geometry; Law; Marketing; Mathematics; Political science; Politics; Product (mathematics); Promotion (chess); Pure mathematics; RSS; World Wide Web,GR
THE DETERMINANTS OF CONSUMERS' ONLINE SHOPPING BEHAVIOUR: AN EMPIRICAL ASSESSMENT,2023,Najam Ul Hassan; Shahid Kalim Khan; Wajid Ali,Gomal University Journal of Research,4,Advertising; Artificial intelligence; Biology; Business; Computer science; Data collection; Empirical research; Epistemology; Finance; Geometry; Marketing; Mathematics; Order (exchange); Paleontology; Philosophy; Product (mathematics); Purchasing; Social science; Sociology; Test (biology); Variety (cybernetics),PK
The front of pack nutrition information panel: using novel methods to explore consumer decision making at point of choice during routine supermarket shopping,2016,Gillian Cowburn,Oxford University Research Archive (ORA) (University of Oxford),3,Advertising; Business; Chemistry; Computer science; Environmental health; Food choice; Food science; Geometry; Human–computer interaction; Marketing; Mathematics; Medicine; Nursing; Nutrition Labeling; Nutrition facts label; Nutrition information; Opinion leadership; Pathology; Point (geometry); Point of sale; Political science; Psychological intervention; Public relations; Purchasing; Qualitative research; Social science; Sociology; Think aloud protocol; Usability; World Wide Web,Unknown
Price Setting in Online Grocery Markets: The Case of Chocolate,2016,"Grein, Theresa; Herrmann, Roland; Roland Herrmann; Theresa Grein","AgEcon Search (University of Minnesota, USA)",1,Business; Commerce; Computer science; Economics; Geometry; Industrial organization; Information retrieval; Marketing; Mathematics; Microeconomics; Online search; Price dispersion; Pricing strategies; Product (mathematics); Search cost,Unknown
Factors Affecting the Growth of E-Shopping Consumers Over Traditional Shopping After Covid-19: GCC Countries' Perspective,2024,Amitabh Verma,International Journal of Professional Business Review,3,Advertising; Archaeology; Artificial intelligence; Business; Computer science; Consumer behaviour; Context (archaeology); E-commerce; Economics; Finance; Geography; Geometry; Human–computer interaction; Law; Marketing; Mathematics; Microeconomics; Payment; Perspective (graphical); Political science; Preference; Product (mathematics); Psychology; Technology acceptance model; Usability,Unknown
Factors Affecting Consumer’s Online Shopping Behavior During the Covid-19 Pandemic: An Integrative Model,2023,Nguyen Thi Mai Anh; Nguyễn Thị Huế,"Advances in economics, business and management research/Advances in Economics, Business and Management Research",3,Accounting; Advertising; Archaeology; Business; Computer science; Consumer behaviour; Context (archaeology); Coronavirus disease 2019 (COVID-19); Disease; Geography; Infectious disease (medical specialty); Internet privacy; Linguistics; Marketing; Medicine; Pandemic; Pathology; Philosophy; Revenue; The Internet; Vietnamese; World Wide Web,VN
Online Food Choices: When Do “Recommended By” Labels Work?,2024,Daniele Catarci; Ester Reijnen; Lea Laasner Vogt,Foods,3,Advertising; Business; Computer science; Economics; Finance; Food choice; Information retrieval; Management; Marketing; Medicine; Microeconomics; Nudge theory; Pathology; Popularity; Position (finance); Preference; Psychiatry; Psychological intervention; Psychology; Ranking (information retrieval); Social psychology; Task (project management),CH
Price convergence in the UK supermarket chains: Evidence from nonlinear cointegration approach,2018,Kai Yin Woo; Shu Kam Lee,Economics and Business Letters,1,Biochemistry; Biology; Chemistry; Cointegration; Combinatorics; Competition (biology); Convergence (economics); Dominance (genetics); Ecology; Econometrics; Economics; Gene; Industrial organization; Macroeconomics; Market power; Mathematics; Microeconomics; Monopoly; Rank (graph theory),CN
ANALYSIS OF CONSUMER BEHAVIOR IN ONLINE SHOPPING ISLAMIC PERSPECTIVE,2022,Cinantya Sriyono Putri; Mohamad Sholeh; Trisnaning Setya Sutjipto,Airlangga International Journal of Islamic Economics and Finance,2,Advertising; Archaeology; Artificial intelligence; Business; Computer science; Consumer behaviour; Consumption (sociology); Geography; Hedonism; Islam; Marketing; Perspective (graphical); Psychology; Sharia; Social psychology; Social science; Sociology,ID
"Exploring the significance of digital disruption on the Finnish grocery industry: A case study on the current attitudes of Finnish grocery suppliers, retailers and consumers towards online grocery retail.",2020,Maria Kupila,Aaltodoc (Aalto University),1,Advertising; Biology; Business; Commerce; Competition (biology); Ecology; Grocery shopping; Grocery store; Marketing; Retail industry,Unknown
Consumer Preference and Willingness to Pay for Azaleas: Effect of State Labeling and Various Types of Retail Outlets,2016,Benjamin L. Campbell; Madiha Zaffou,HortScience,2,Advertising; Agricultural economics; Business; Chemistry; Chromatography; Consumer choice; Economics; Latent class model; Marketing; Mathematics; Microeconomics; Preference; Sample (material); Statistics; Willingness to pay,US
Is information quality on a shopping website a deciding factor for South African consumers,2017,Michael Colin Cant; Yu-Ting Hung,Journal of Business & Retail Management Research,2,Advertising; Business; Computer science; Demographics; Demography; Electrical engineering; Engineering; Epistemology; Information quality; Information system; Law; Marketing; Philosophy; Political science; Quality (philosophy); Respondent; Sociology; The Internet; World Wide Web,ZA
Price consciousness as basis for Thai and Finnish young adults’ mobile shopping in retail stores,2021,Asle Fagerstrøm; Niklas Eriksson; Premruedee Jitkuekul; Sirinna Khamtanet,Procedia Computer Science,1,Advertising; Archaeology; Association (psychology); Business; Chemistry; Chromatography; Computer science; Consciousness; Geography; Marketing; Neuroscience; Psychology; Psychotherapist; Sample (material); Style (visual arts),FI; NO; TH
E-COMMERCE PRICE COMPARISON WITH REVIEW SENTIMENTAL ANALYSIS,2022,Prajakta Singam; Rushikesh Rebhankar; Sagar Kumbhare; Sanket Bezalwar; Vikas Bhandekar,International Journal of Computer Science and Mobile Computing,2,Advertising; Boom; Business; Cash; Computer science; Engineering; Environmental engineering; Finance; Geometry; Internet privacy; Linguistics; Marketing; Mathematics; Philosophy; Phone; Product (mathematics); The Internet; World Wide Web,IN
Exploring Chinese consumers' shopping value across retail outlets,2016,Lizhu Davis,"CSUN ScholarWorks (California State University, Northridge)",4,Advertising; Business; Computer science; Gratification; Machine learning; Marketing; Neuroscience; Perception; Psychology; Social psychology; Value (mathematics),Unknown
Towards Understanding Consumer Reactions in Out-of-Stock Situations: A comparison of price promoted versus regular-priced items in grocery retail,2016,Christina Hajszan; Susan Timmerman,Lund University Publications Student Papers (Lund University),1,Advertising; Business; Engineering; Geometry; Marketing; Mathematics; Mechanical engineering; Product (mathematics); Stock (firearms),Unknown
Consumers’ Awareness and Acceptability towards Online Grocery Shopping: A Study on the Consumers of Dhaka Metropolitan City,2017,A Frini; A Goldman; D Zhang; Hamidul Islam; J Reynold; J Suhan; Jubaer; L Dai; L Lawan; L Zhou; M Easstlick; M Howlader; M Islam; M Khalifa; M Limayem; M Moinuddin; M Pachauri; M Wilson-Jeanslme; N Yasin; P Worrington; R Aylott; R Kestenbaum; R Zanna; S Alam; S Lotz; S Shim; Stanley Sumon; W Mitchell,Unknown,1,Advertising; Archaeology; Business; Geography; Grocery shopping; Grocery store; Marketing; Metropolitan area,BD
"Price Consciousness, Deal and Coupon Proneness, E-Wom and Purchase Intention on Social Commerce Sites",2022,Adaviah Mas’od; Hanis Syuhada Ahmad Sugiran; Nornajihah Nadia Hasbullah; Zuraidah Sulaiman,International Journal of Academic Research in Business and Social Sciences,2,Advertising; Biochemistry; Business; Chemistry; Consciousness; Coupon; Dominance (genetics); Finance; Gene; Marketing; Neuroscience; Psychology,MY
"Consumer buying behaviour towards online shopping: an empirical study with reference to Lucknow city, India",2022,Ashish Gupta; Esha Dhawan; Geetika Tandon Kapoor,International Journal of Applied Research,3,Advertising; Business; Chemistry; Chromatography; Computer science; Consumer behaviour; Marketing; Sample (material); The Internet; World Wide Web,IN
Consumers’ Attitudes towards Online Shopping: A Comparative Study of Male and Female Consumers,2021,Halima Afrin; Razia Sultana; Rokaiya Itu; Tanjil Hossain,Journal of Marketing and Consumer Research,2,Advertising; Archaeology; Business; Clothing; Demography; Descriptive statistics; Engineering; Epistemology; Finance; Geography; Geometry; Marketing; Mathematics; Mechanical engineering; Nonprobability sampling; Order (exchange); Philosophy; Population; Product (mathematics); Quality (philosophy); Sociology; Statistics; Work (physics),BD
How USDA Forecasts Retail Food Price Inflation,2015,"Annemarie Kuhns; Ed Roeger; Ephraim S. Leibtag; Kuhns, Annemarie; Leibtag, Ephraim; Richard Volpe; Roeger, Ed; Volpe, Richard","AgEcon Search (University of Minnesota, USA)",3,Agricultural economics; Agriculture; Archaeology; Autoregressive integrated moving average; Autoregressive model; Econometrics; Economics; Food prices; Food security; Geography; Inflation (cosmology); Macroeconomics; Mathematics; Mid price; Multivariate statistics; Physics; Price level; Statistics; Theoretical physics; Time series; Univariate; Wholesale price index,Unknown
Consumer's Preference on Food Retail Store Attributes in India,2022,Jabir Ali; Sanjeev Kapoor; Tribhuvan Nath,Management Dynamics,1,Accounting; Advertising; Business; Chemistry; Chromatography; Consumer behaviour; Descriptive statistics; Distribution (mathematics); Economics; Marketing; Mathematical analysis; Mathematics; Preference; Sample (material); Socioeconomics; Statistics; Uttar pradesh; Variance (accounting); Variety (cybernetics),IN
Consumers choice of small independent specialty stores in shopping centers during weekday extended trading hours: A qualitative study,2023,Vikram Khangembam,Cogent Business & Management,2,Advertising; Artificial intelligence; Business; Computer science; Conceptualization; Linguistics; Marketing; Names of the days of the week; Philosophy; Psychiatry; Psychology; Specialty,AU
Scenario Planning of Digital Transformation in Indonesia’s Fast-Moving Consumer Goods Sales Organization: Uncertainties and Possibilities,2023,Adhitya Rendra Kusuma; Anggraini Sukmawati; Arry Ekananta; Rizal Syarief,The Winners,3,Advertising; Biochemistry; Business; Chemistry; Commerce; Computer science; Digital transformation; Fast-moving consumer goods; Gene; Industrial organization; Marketing; Transformation (genetics); World Wide Web,ID
Economic models of price competition between traditional and online retailing under showrooming,2021,Subrata Mitra,DECISION,6,Advertising; Biology; Business; Competition (biology); Computer science; Ecology; Industrial organization; Marketing; Online and offline; Operating system,IN
An Online Multicriteria—Spatial Decision Support System for Public Services Planning,2024,Erik Buthmann; Falko Krügel; Paul Hindorf; Stephan Mäs,Applied Sciences,6,Computer science; Engineering; Operations research,DE
The Emergence of Ecommerce into the Grocery Industry: A Case Study of Amazon’s Acquisition of Whole Foods Market and Its Effects on Consumer Behavior,2019,Kat Muriel Adkisson,Scholars' Bank (University of Oregon),1,Advertising; Amazon rainforest; Biology; Business; Commerce; Consumer behaviour; Ecology; Grocery shopping; Grocery store; Marketing,Unknown
E-Commerce Boom and Consumer Culture amidst COVID-19 Pandemic: Delineating Indonesia’s Purchasing Pattern,2022,Citra Istiqomah,Global Focus,4,Business; Certification; Commerce; Consumerism; Economics; Government (linguistics); Linguistics; Management; Market economy; Marketing; Philosophy; Purchasing,Unknown
Utilization of Data Science Analytics on Mobile Commerce Applications Marketing Strategies: An Example of the Influence of Personalized Offers on the Usage Intentions of Saudi Consumers,2023,Nasser Aljohani,International Journal of Interactive Mobile Technologies (iJIM),4,Analytics; Business; Comprehension; Computer science; Data science; E-commerce; Field (mathematics); Knowledge management; Mathematics; Mobile commerce; Personalization; Programming language; Pure mathematics; World Wide Web,SA
"Waste Not, Want Not - Suboptimal Food and the Grocery Shopping Practices of Sustainably-Minded Consumers",2019,Emma Svantesdotter,Gothenburg University Publications Electronic Archive (Gothenburg University),1,Advertising; Biology; Business; Ecology; Engineering; Food waste; Grocery shopping; Marketing; Sustainability; Waste management,Unknown
Consumer Intention of Online Food Shopping in India: An Empirical Approach,2023,Joe Arun,Unknown,1,Advertising; Business; Computer science; Consumer behaviour; Engineering; GRASP; Machine learning; Marketing; Software engineering; The Internet; Value (mathematics); World Wide Web,Unknown
How to shop online: The construct and measurement of consumer competency in online shopping,2023,Guofang Liu; Qingxuan Meng; Xiao Li,Cyberpsychology Journal of Psychosocial Research on Cyberspace,5,Advertising; Business; Chemistry; Chromatography; Competence (human resources); Computer science; Construct (python library); Epistemology; Geometry; Marketing; Mathematics; Philosophy; Product (mathematics); Programming language; Psychology; Quality (philosophy); Sample (material); Social psychology,CN
Fashion Involvement and Impulse Buying on Online-Based Fashion Consumers,2022,A.L.F. Alif; Agus Rahayu; Dian Herdiana Utama; Dita Amanah; Girang Razati,"Advances in economics, business and management research/Advances in Economics, Business and Management Research",2,Advertising; Business; Commerce; Computer science; Impulse (physics); Marketing; Physics; Quantum mechanics,ID
Investigating Consumers� Online Clothing Buying Behavior Through the Lens of Extended Unified Theory of Acceptance and the Use of Technology,2019,Abdullahil Kafi; Bruce N. Cameron,Unknown,1,Accounting; Business; Computer science; Developmental psychology; Human–computer interaction; Likert scale; Mathematics; Psychology; Social media; Statistical software; Statistics; Technology acceptance model; Usability; Variance (accounting); World Wide Web,US
Buying Food Online: What Explains The Consumer Purchase Behaviour?,2021,"Alexis Villalobos Monge; Monge, Alexis Villalobos","AgEcon Search (University of Minnesota, USA)",2,Advertising; Business; Consumer behaviour; Grocery shopping; Marketing; Mathematics; Purchasing; Purchasing decision; Statistics; Structural equation modeling,Unknown
Modern Grocery Retailing Consumer’s Profile Is There a Need for Convenience Stores to Redefine Precision Marketing Strategy in Romania? Post Covid Outbreak Analyze,2022,Andreea – Elena STRATILA,Journal of Eastern Europe Research in Business & Economics,1,2019-20 coronavirus outbreak; Advertising; Business; Coronavirus disease 2019 (COVID-19); Disease; Infectious disease (medical specialty); Marketing; Medicine; Outbreak; Pathology; Severe acute respiratory syndrome coronavirus 2 (SARS-CoV-2); Virology,Unknown
Importance of Same Day Delivery of Fast-Moving Consumer Goods for E-Commerce Companies,2022,Adnan Çorum; Onur Delikurt,Unknown,1,Advertising; Business; Commerce; Computer science; E-commerce; Fast-moving consumer goods; Industrial organization; Marketing; World Wide Web,TR
(Hedonic) Shopping Will Find a Way: The COVID-19 Pandemic and its Impact on Consumer Behavior,2021,Andrea Gröppel‐Klein; Anja Spilski; Kenya-Maria Kirsch,Marketing ZFP,4,2019-20 coronavirus outbreak; Advertising; Archaeology; Business; Consumer behaviour; Coronavirus disease 2019 (COVID-19); Disease; Downtown; German; History; Infectious disease (medical specialty); Marketing; Medicine; Outbreak; Pandemic; Pathology; Severe acute respiratory syndrome coronavirus 2 (SARS-CoV-2); Shopping mall; Virology,Unknown
Influencing Factors of Consumers’ Impulse Purchase Intentions in Livestream E-Commerce Based on DEMATEL-AISM,2025,Haoyu Liu; Jiahui Wang; Lei Yang; Sijie Ma; Wenqi Wei; Yajie Song,Journal of theoretical and applied electronic commerce research,4,Advertising; Business; Computer science; E-commerce; Impulse (physics); Marketing; Physics; Quantum mechanics; Social commerce; Social media; World Wide Web,CN
Analysis of Shopping Consumer Preferences Online and Offline Stores in the Pandemic Time of Covid-19,2021,Cut Nizma; Dina Arfianti Siregar,"Advances in Social Science, Education and Humanities Research/Advances in social science, education and humanities research",2,2019-20 coronavirus outbreak; Advertising; Business; Computer science; Coronavirus disease 2019 (COVID-19); Disease; Infectious disease (medical specialty); Internet privacy; Medicine; Outbreak; Pandemic; Pathology; Severe acute respiratory syndrome coronavirus 2 (SARS-CoV-2); Virology,ID
DETERMINANTS OF CUSTOMERS CHOICE OF RETAIL OUTLET FOR THE PURCHASE OF FRUITS AND VEGETABLES,2021,Oriyomi OSITADE,Acta oeconomica et informatica,1,Advertising; Agricultural economics; Business; Economics; Marketing; Retail market,NG
The Evolution of Private Labels in Food Proposals: The Case of the Top Four Italian Retailers and the Purchase Propensity of Consumers,2019,Domenico Morrone; Rosamartina Schena,International Journal of Business and Management,1,Advertising; Archaeology; Biology; Business; Competition (biology); Context (archaeology); Distribution (mathematics); Ecology; Geography; Market share; Marketing; Mathematical analysis; Mathematics; Novelty; Psychology; Social psychology; Statistics; Value (mathematics),IT
METHODS OF MARKETING RESEARCH OF RETAIL ENTERPRISES PRICING POLICY AND THEIR INFLUENCE ON CONSUMER BEHAVIOR,2021,Lidiia Vasylchenko; Ludmila Denga; Serhii Pepchuk; Оlena Kolomytseva; Т. И. Бурцева,Proceedings of Scientific Works of Cherkasy State Technological University Series Economic Sciences,1,Business; Consumer behaviour; Economics; Geometry; Keynesian economics; Law; Limit price; Marketing; Mathematics; Microeconomics; Political science; Price discrimination; Price level; Product (mathematics); Reservation price; Situational ethics,Unknown
Post-car world: Exploring the choice between in-store and online shopping,2016,Basil Schmid; Kay W. Axhausen; Simon Schmutz,Repository for Publications and Research Data (ETH Zurich),1,Advertising; Business; Computer science; Econometrics; Economics; Feeling; Marketing; Mathematical analysis; Mathematics; Microeconomics; Preference; Programming language; Psychology; Revealed preference; Set (abstract data type); Social psychology; Statistics; Value (mathematics); Variable (mathematics),Unknown
A study of individual consumer level culture in B2C e-commerce through a multi-perspective iTrust model,2015,Osama Sohaib,Open Publications Of UTS Scholars (University of Technology Sydney),4,Advertising; Affect (linguistics); Artificial intelligence; Business; Cognition; Communication; Computer science; Consumer behaviour; E-commerce; Interpersonal communication; Interpersonal influence; Law; Machine learning; Marketing; Multilevel model; Neuroscience; Perspective (graphical); Political science; Psychology; Purchasing; Social psychology,Unknown
The Value of Country-of-Origin and Wild-Caught Labels: A Hedonic Analysis of Shrimp Retail Prices in the United States,2016,"Wang, Xiaojin; Xiaojin Wang",RePEc: Research Papers in Economics,2,Agricultural economics; Biology; Business; Competition (biology); Computer science; Credence; Ecology; Economics; Fishery; Geometry; Machine learning; Market economy; Mathematics; Microeconomics; Price premium; Product (mathematics); Product differentiation; Shrimp; Statistics; Value (mathematics); Welfare; Willingness to pay,US
ISLAMIC MODERN RETAIL ATTRIBUTES FOR MUSLIM CONSUMERS PATRONAGE INTENTION,2021,Fatma Hermining Astuti; Hasan Mastrisiswadi; Wandhansari Sekar Jatiningrum,J TI UNDIP JURNAL TEKNIK INDUSTRI,1,Advertising; Archaeology; Business; Certification; Demography; Economics; Geography; Geometry; Islam; Management; Marketing; Mathematics; Population; Product (mathematics); Sociology,ID
The Effects of Consumers’ Buying Behavior on the E-commerce in Highly Developed Emerging Market and Developed Market: The Case of Singapore and Austria,2021,Jia Yun Moerth-Teo; Tatjana Horvat; Vito Bobek,Our Economy Journal of Contemporary Issues in Economics and Business,3,Advertising; Business; Computer science; E-commerce; Emerging markets; Empirical research; Finance; Law; Market research; Marketing; Mathematics; Political science; Statistics; The Internet; World Wide Web,AT; SI
Factors influencing consumer satisfaction and behavioural loyalty in relation to online grocery shopping Apps,2024,Nombulelo Dilotsotlhe; Vincent Makhubela,International Journal of Business Ecosystem and Strategy (2687-2293),1,Advertising; Business; Computer science; Consumer behaviour; Database; Grocery shopping; Loyalty; Marketing; Psychology; Relation (database),ZA
Understanding Consumer’s Willingness to Engage with Digital Reuse Systems,2023,Meghann Matthews; Thomas L. Webb,Sustainability,3,Business; Computer science; Electrical engineering; Engineering; Information system; Knowledge management; Linguistics; Marketing; Mechanical engineering; Operating system; Philosophy; Process (computing); Process management; Reuse; Supply chain; TRACE (psycholinguistics); Waste management; Work (physics),GB
A Novel Position-based VR Online Shopping Recommendation System based on Optimized Collaborative Filtering Algorithm,2022,HaoLan Zhang; Huanda Lu; Jianze Huang; Shaoyin Li; Xin Yu,arXiv (Cornell University),2,Artificial intelligence; Biology; Collaborative filtering; Computer science; Economics; Finance; Human–computer interaction; Image (mathematics); Multimedia; Neuroscience; Perception; Position (finance); Recommender system; Similarity (geometry); Virtual reality; World Wide Web,Unknown
"Analysis of The Influence of Electronic Word of Mouth, Brand Awareness and Digital Accessibility on Purchase Decision of Sayurbox Consumers",2023,Ambar Kusuma Astuti; Frans Sudirjo; La Mema Parandy; Ralina Transistari; Wylda Olivia Kowey,Jurnal Informasi dan Teknologi,1,Advertising; Affect (linguistics); Business; Chemistry; Chromatography; Communication; Computer science; Consumer behaviour; Data collection; Finance; Machine learning; Marketing; Order (exchange); Psychology; Sample (material); Social science; Sociology; Structural equation modeling; The Internet; Word of mouth; World Wide Web,ID
A STUDY ON ONLINE SHOPPING AND ITS EFFECTS ON CONSUMER BEHAVIOR,2023,Khyati Modi,Unknown,1,Advertising; Artificial intelligence; Business; Cash; Chemistry; Chromatography; Computer science; Consumer behaviour; Finance; Geometry; Marketing; Mathematics; Payment; Product (mathematics); Purchasing; Sample (material); Variety (cybernetics),Unknown
Determinants of Shopping Mall Patronage among Consumers in Enugu Metropolis,2019,Deborah P Okoro; Victor O. Okolo; Zita Mmamel,International Journal of Academic Research in Business and Social Sciences,2,Advertising; Business; Chemistry; Chromatography; Demography; Marketing; Population; Psychology; Sample (material); Service (business); Shopping mall; Social psychology; Socialization; Sociology,NG
Effect of demographic factors and apparel product categories on online impulse buying behaviour of apparel consumers,2023,Girendra Pal Singh; K N Chatterjee; Pradeep Joshi; Vishal Trivedi,Textile & Leather Review,5,Advertising; Archaeology; Business; Clothing; Geography; Geometry; Marketing; Mathematics; Product (mathematics); Psychology; Regression analysis; Statistics,IN
Brand first? The effect of hotel online word-of-mouth on consumer brand sensitivity,2022,Jiajing Hu; Xianchun Li; Xin Zhong; Yiying Fan,Frontiers in Psychology,4,Advertising; Brand awareness; Brand management; Business; Electronic engineering; Engineering; Epistemology; Marketing; Philosophy; Psychology; Quality (philosophy); Sensitivity (control systems); Word of mouth,CN
Development of a Scale on e-Consumers’ Attitudes towards Ethically Questionable Online Behaviors,2016,A. Ercan Gegez; F. Müge Arslan; Oylum Korkut Altuna; Özge Sığırcı,Bogazici Journal,4,Cartography; Computer science; Engineering; Engineering ethics; Geography; Internet privacy; Psychology; Scale (ratio); Social psychology,TR
Analysis of Consumer Preferences on Online Delivery Plastic Packaging Consumption Behavior: An Indonesian Survey,2023,Indriyani Rachman; Ira Rumiris Hutagalung,Jurnal Presipitasi Media Komunikasi dan Pengembangan Teknik Lingkungan,2,Advertising; Archaeology; Business; China; Computer science; Consumer behaviour; Consumption (sociology); Developmental psychology; Economics; Environmental economics; Geography; Indonesian; Likert scale; Linguistics; Machine learning; Marketing; Microeconomics; Ordinal regression; Philosophy; Preference; Psychology; Social science; Sociology,ID
Impact of Employment and Consumer Reliability in Buying Products Online in Kosovo,2020,Indrit Haxhidauti; Leutrina Bajrami; Roberta Bajrami,Unknown,1,Advertising; Business; China; Commerce; Computer science; Credibility; E-commerce; Law; Machine learning; Marketing; Political science; Purchasing; Regression analysis; Simple linear regression; Superpower; The Internet; World Wide Web,XK
Perceived Risk and Marketing Mix Influencing Generation Y Fashion Clothes Purchasing Decisions via Online Social Media,2023,Arunee Lertkornkitja; Nuttharin Pariwongkhuntorn; Sasithorn Phonkaew; Tanompong Panich,WSEAS TRANSACTIONS ON BUSINESS AND ECONOMICS,2,Advertising; Archaeology; Business; Chemistry; Chromatography; Clothing; Computer science; Descriptive statistics; Geometry; History; Marketing; Mathematics; Neuroscience; Perception; Product (mathematics); Psychology; Purchasing; Risk perception; Sample (material); Social media; Statistics; World Wide Web,TH
Consumer Payment Choice in the Fifth District: Learning from a Retail Chain,2017,Alexander L. Wolman; Alexander Wolman; Federal Reserve Bank of Richmond; Zhu Wang,Economic quarterly - Federal Reserve Bank of Richmond,2,Actuarial science; Biology; Business; Cash; Chemistry; Chromatography; Commerce; Consumer choice; Context (archaeology); Credit card; Debit card; Finance; Marketing; Paleontology; Payment; Payment card; Payment service provider; Payment system; Sample (material),US
A Research on Tesco's Consumer Purchasing Behavior towards E-Commerce during the Pandemic Period,2022,Anak Agung Gde Satia Utama,International Journal of Accounting & Finance in Asia Pasific,1,Acoustics; Advertising; Business; Consumer behaviour; Coronavirus disease 2019 (COVID-19); Descriptive statistics; Disease; Infectious disease (medical specialty); Marketing; Mathematics; Medicine; Pandemic; Pathology; Period (music); Physics; Purchasing; Regression analysis; Statistics,ID
Consumer attitudes towards attributes of food and the use of digital media and smart technologies to inform and purchase food,2015,"Caroline M. Saunders; Dalziel, P.C.; Guenther, M.; Meike Guenther; Paul Dalziel; Peter R. Tait; Saunders, C.M.; Tait, P.R.","AgEcon Search (University of Minnesota, USA)",2,Advertising; Archaeology; Business; Chemistry; China; Civil engineering; Digital media; Emerging markets; Engineering; Epistemology; Finance; Food safety; Food science; Geography; Law; Marketing; Philosophy; Political science; Quality (philosophy); Social media; Underpinning,Unknown
The Identification of the Retail Internationalization Elements Effected Upon Consumers,2015,Elzė Rudienė; Rimantas Stašys,Regional Formation and Development Studies,1,Advertising; Biology; Botany; Business; Commerce; Identification (biology); International trade; Internationalization; Marketing,LT
Price dispersion and online markets maturity in Poland,2017,Diana Radkova; Łukasz Konopielko,Acta Universitatis Lodziensis Folia oeconomica,1,Archaeology; Business; Chemistry; Chromatography; Commerce; Computer science; Context (archaeology); Developmental psychology; Dispersion (optics); Econometrics; Economics; Financial economics; Geography; Geometry; Mathematics; Maturity (psychological); Online and offline; Operating system; Optics; Physics; Price dispersion; Product (mathematics); Psychology; Sample (material),PL
Application of Nonlinear Autoregressive Neural Network to Model and Forecast Time Series Global Price of Bananas,2021,Orson Chi; Yeong Nain,International Journal on Data Science,2,Artificial intelligence; Artificial neural network; Autoregressive integrated moving average; Autoregressive model; Biology; Computer science; Econometrics; Mathematics; Mean squared error; Nonlinear autoregressive exogenous model; Nonlinear system; Paleontology; Physics; Quantum mechanics; Series (stratigraphy); Statistics; Time series; Value (mathematics),US
The Impact of Modern Lifestyles on Eating Habits and Food Shopping Behaviors: A Case Study of Omnichannel Retail Consumers Aged 25–40 in Athens,2024,Irene Samanta; Nikolaos Arkoudis,Sustainability,2,Advertising; Business; Consumer behaviour; Consumption (sociology); Environmental health; Marketing; Medicine; Mediterranean diet; Omnichannel; Pathology; Population; Purchasing; Social science; Sociology,GR
Is the shopping list a guarantee for rational consumer behaviour?,2022,Kamila Słupińska; Katarzyna Włodarczyk; Mariusz Borawski; Patryk Wlekły,Human Technology,1,Advertising; Business; Computer science; Consumer behaviour; Consumer research; Epistemology; Finance; Order (exchange); Philosophy; Programming language; Psychoanalysis; Psychology; Rationality; Scope (computer science); Set (abstract data type); Social psychology; Unconscious mind,PL
Analysis of Segmentation Profile on Online Shopping Consumers in Padang City Based on Demographic and Psychographic Characteristics,2022,Linda Wati; Listiana Sri Mulatsih; Lulu Nadhira; Wiry Utami,Jurnal Manajemen,3,Advertising; Artificial intelligence; Business; Cluster (spacecraft); Computer science; Demographic profile; Demographics; Demography; Descriptive statistics; Market segmentation; Marketing; Mathematics; Nonprobability sampling; Population; Programming language; Psychographic; Purchasing; Segmentation; Snowball sampling; Sociology; Statistics,ID
Research on the Path of Sustainable Development of Fresh E-Commerce Platform from the Perspective of Consumer Psychological Needs,2024,Kunxiu Lu; Wei Zhang; Xujie An; Ying Li,Journal of business and marketing.,1,Advertising; Artificial intelligence; Business; Computer science; Law; Marketing; Path (computing); Perspective (graphical); Political science; Programming language; Psychology; Sociology; Sustainable development,CN
Self-Operated Store or Franchised Store? Optimal Decisions for Online-to-Offline Supply Chain with a Demand Shift,2020,Wei Feng; Yan Zhu,Mathematical Problems in Engineering,1,Business; Computer science; Economics; Engineering; Finance; International trade; Marketing; Microeconomics; Online and offline; Operating system; Operations research; Payment; Profit (economics); Supply chain; Tariff; Vendor,CN
Digitally nudging users to explore off-profile recommendations: here be dragons,2023,Daniela Damian; Dietmar Jannach; Gabrielle Alves; Marcelo Garcia Manzato; Rodrigo Ferrari de Souza,User Modeling and User-Adapted Interaction,6,Computer science; Content (measure theory); Digital content; Information retrieval; Internet privacy; Law; Mathematical analysis; Mathematics; Nudge theory; Political science; Preference; Psychology; Reading (process); Recommender system; Social media; Social psychology; Statistics; User engagement; World Wide Web,AT; BR; CA
The Influence Of The Website's Atmosphere On Online Consumer Behavior And Its Relationship To Flow: Case Study Of Online Travel In Indonesia,2022,Eko Madiasto; Nanang F Kurniawan; Primidya KM Soesilo,Jurnal Ilmiah Manajemen dan Bisnis,2,Advertising; Atmosphere (unit); Atmospherics; Business; Consumer behaviour; Geography; Marketing; Meteorology; Psychology,ID
Consumer Decision-Making Styles in the Digital Product Category,2022,Sunčana Piri Rajh,Market-Tržište,1,Business; Computer science; Geometry; Marketing; Mathematics; Product (mathematics); Product category,HR
Analysis of Product Attributes and Consumers’ Satisfaction on Buying Vegetables Using E-commerce Platform During Covid-19,2023,Condro Puspo Nugroho; Destyana Ellingga Pratiwi; Nunuk Wulandari,"Advances in economics, business and management research/Advances in Economics, Business and Management Research",1,Advertising; Artificial intelligence; Business; Chemistry; Chromatography; Computer science; Coronavirus disease 2019 (COVID-19); Disease; E-commerce; Environmental health; Geometry; Infectious disease (medical specialty); Marketing; Mathematics; Medicine; Naive Bayes classifier; Nonprobability sampling; Pathology; Population; Product (mathematics); Sample (material); Service (business); Support vector machine; World Wide Web,ID
Perceived Fairness of Online Price Differentiation: In Search of Symmetry,2016,Ilona Bondos,Social Sciences,1,Econometrics; Economics; Focus (optics); Microeconomics; Neuroscience; Optics; Perception; Physics; Price discrimination; Psychology; Reference price,PL
"Interplay of Personal Attitudinal Constructs towards online fashion products, Consumer Decision-Making and Image Branding: The Case of Online Fashion Products in Thailand in COVID 19 Pandemic",2021,Bayar Gardi; Chi Hau Tan; Harsandaldeep Kaur; Jupeth Pentang; Kannapat Kankaew; Worakamol Wisetsri,Studies of Applied Economics,2,Advertising; Biology; Brand image; Business; Computer science; Demography; Descriptive statistics; Economics; Marketing; Mathematics; Microeconomics; Online advertising; Paleontology; Population; Preference; Psychology; Sociology; Statistics; Test (biology); The Internet; World Wide Web,IN; MY; PH; TH
PRICE SETTING BEHAVIOR IN AN ONLINE MARKET,2023,Aryo Sasongko; Dian Rahmawati; Fiskara Indawan,Bulletin of Monetary Economics and Banking,1,Algorithm; Collusion; Computer science; Econometrics; Economics; Indonesian; Internal medicine; Limit price; Linguistics; Market price; Medicine; Microeconomics; Mid price; Monetary economics; Online and offline; Operating system; Ordered probit; Philosophy; Price fixing; Price level; Price mechanism; Price setting; Probit; Probit model; Rule of thumb; Shock (circulatory),ID
The Short- and Long-Term Costs of a Severe Drought on Retail Peanut Butter Prices and Consumers,2021,Gregory Astill; Xiao Dong,Journal of Agricultural and Applied Economics,1,Agricultural economics; Agricultural science; Biology; Business; Economics; Environmental science; Food science; Internal medicine; Medicine; Monetary economics; Peanut butter; Physics; Quantum mechanics; Shock (circulatory); Short run; Term (time),US
The effect of shopping platform and product type on antecedents of online consumer behaviour – A proposed framework,2017,"Dr. Sandeep Srivastava, Assistant Professor; Shekhar Singh Assistant Professor",IOSR Journal of Humanities and Social Science,1,,Unknown
A Study on Rural Retailer and Consumer Decision Making - A Literature Review,2023,Md. Mamun Habib; Samira Nuzhat,International Journal of Supply Chain Management,1,Archaeology; Business; Capital (architecture); Capital city; Computer science; Computer security; Economic geography; Geography; Law; Marketing; Political science; Rural area; Supply chain; Vulnerability (computing),BD
Hedonic Analysis of Dried Pasta Prices Using E-Commerce Data—An Explorative Study,2024,Domenico Carlucci; Emilio De Meo; Francesco Bimbo,Foods,2,Biology; Business; Cartography; Certification; Commerce; Competition (biology); Ecology; Economics; Geography; Geometry; Management; Marketing; Mathematics; Microeconomics; Price premium; Product (mathematics); Production (economics); Scale (ratio); Sustainability; Willingness to pay,IT
Brand Texts and Meaning in Post-Digital Consumer Culture,2020,Amy Hackley Rungpaka; Chris Hackley,AM Journal of Art and Media Studies,4,Advertising; Aesthetics; Art; Business; Computer science; Consumer Culture; Digital media; Meaning (existential); Media studies; Psychology; Psychotherapist; Sociology; World Wide Web,GB
Pricing policy in organic food retail trade,2017,Joanna Smoluk-Sikorska,Journal of Agribusiness and Rural Development,1,Agriculture; Biology; Business; Commerce; Ecology; Epistemology; Marketing; Organic product; Philosophy; Pricing strategies; Quality (philosophy),PL
INFLUENCE OF CONSUMER CHARACTERISTICS AND SITUATIONAL FACTORS ON ONLINE IMPULSIVE BUYING OF FASHION PRODUCTS,2023,Intan Destyanawati; Soepatini Soepatini,Journal of Management and Islamic Finance,1,Advertising; Biology; Business; Chemistry; Chromatography; Consumer behaviour; Demography; Epistemology; Geometry; Goodness of fit; Marketing; Mathematics; Multicollinearity; Paleontology; Philosophy; Population; Product (mathematics); Psychology; Quality (philosophy); Regression analysis; Sample (material); Situational ethics; Social psychology; Sociology; Statistics; Test (biology),ID
Analysis Of Factors Affecting Usage Electronic Money On Shopping Behavior On Metropolitan Consumers In Indonesia Moderated By Shopping Efficiency,2023,"& O'leary; & Sanjog; , Wh; A Ac Ayudya; A Akhlaq; A Azizana; A Ilham; A Morrison; A Paul; Amit Bhatnagar; Anis; Arlina Nurbaity Lubis; Beby Kendida Hasibuan; Boudhayan Ganguly; C Cen; C Flavin; C Putri; Chen; D Gefen; D Haryadi; D Kenny; D Rubin; Dash; De Lone; Dianne Satya & Cyr; Driver; E Ahmed; E Karahanna; E Mclean; F Davis; F Durrani; F Ellis; Gn; H Amin; H Chang; Hamdani Harahap; Harisno; Hasibuan Fuadi; I Ajzen; I Brusch; J; J Saputra; J Seetharama; K Biliska-Reformat; K Pavlou; Kusumawardhana; L Cahyadi; L Candrasa; L Casal; L Li; M Asriningati; M Guinalu; M Javidani; M Khaddafi; M Kieel; M Rizwan; M Sinurat; Milena Head; Misra; Munandar; N Maaropa; N Rappel; N Sohail; Neil Doherty; Prasetyo; Prihatin Lumbanraja; R Agarwal; R Baron; R Chellappa; R Falahuddin; R Ilham; R Jalal; R Karahanna; R Paul; Ra; Raghav Rao; Rma Al-Amria; S Azizi; S Barnes; S Beldona; S Dasgupta; S Fuloria; S Hamid; Sa; Samya; Shariffa; Sw; U Cheema; V Venkatesh; W Cahyadi; Wahyuddin; Warnars; Wibowo; Wijaksana; Y Chen; Y Gao; Y Yahyaa; Y Yang; Z Lada",Unknown,1,Advertising; Archaeology; Business; Geography; Marketing; Metropolitan area,ID
Pricing Decision of E-Commerce Supply Chains with Return and Online Review of Product Quality,2023,Dexia Wang; Luping Ding; T.C.E. Cheng; Yuyan WANG,系统科学与信息学报(英文),1,Biology; Business; Commission; Computer science; E-commerce; Economics; Epistemology; Evolutionary biology; Finance; Function (biology); GRASP; Geometry; Industrial organization; Marketing; Mathematics; Microeconomics; Philosophy; Product (mathematics); Programming language; Quality (philosophy); Supply chain; World Wide Web,CN; HK
Playing with music while shopping online : the effects of interactive music on consumer engagement and behavioral intention,2018,Hsing-Chi Hwang,Texas ScholarWorks (Texas Digital Library),1,Advertising; Business; Computer science; Multimedia; Psychology,Unknown
Buying Behaviour of Polish Urban Silver Singles: Choices of Market Products and Shopping Places,2024,Tomasz Zalega,Gospodarka Narodowa,1,Philosophy; Physics; Theology,PL
Exploring the Interactive Relationship between Retailers’ Free Shipping Decisions and Manufacturers’ Product Sales in Digital Retailing,2023,Changbin Jiang; Di Li; Hu Wang; Yuxiang Zhang,Sustainability,2,Advertising; Biology; Business; Commerce; Competition (biology); Ecology; Geometry; Industrial organization; Law; Marketing; Mathematics; Political science; Politics; Product (mathematics); Promotion (chess),CN
"Digital Marketing Tools and its Impact on Consumer Buying Decisions in Zarqa City, Jordan",2025,Ahmad Yousef Areiqa; Asokan Vasudevan; Iyad A.A Khanfar; Mustafa S. Al-Shaikh; Suleiman Ibrahim Shelash Mohammad; Ziyu Cai-needs,Journal of Posthumanism,1,Advertising; Business; Engineering; Geography; Marketing,JO; MY; TH
An Experimental Study of Retailer-Brand Collaboration: Duration and Perceived Fit Towards Consumer Behavior,2021,Anindhitya Andriani; Tengku Ezni Balqiah,"Advances in economics, business and management research/Advances in Economics, Business and Management Research",1,Advertising; Art; Business; Consumer behaviour; Duration (music); Literature; Marketing,ID
CONSUMER BEHAVIOR TOWARDS DIGITAL MARKETING,2025,Neetu Kashyap,INTERANTIONAL JOURNAL OF SCIENTIFIC RESEARCH IN ENGINEERING AND MANAGEMENT,1,Advertising; Business; Consumer behaviour; Digital marketing; Marketing,IN
The Effects of Consumers’ Buying Behavior on E-Commerce Pricing in the Highly Developed Emerging Market: The Case of Singapore,2021,Franko Milost; Jia Yun Moerth-Teo; Tatjana Horvat; Vito Bobek,International Journal of Economics and Finance,1,Advertising; Affect (linguistics); Business; Communication; Consumer behaviour; E-commerce; Economics; Emerging markets; Empirical research; Epistemology; Finance; Law; Marketing; Philosophy; Political science; Sociology,AT; SI
Enjoyment vs. Utility: Drivers and Consequences of Consumer M-Commerce Motivations,2018,Luciano Lapa,Brock University Digital Repository (Brock University),3,Advertising; Business,Unknown
The Impact of Gamification on Slovenian Consumers’ Online Shopping,2024,Armand Faganel; Filip Pačarić; Igor Rižnar,Administrative Sciences,2,Advertising; Business; Marketing,SI
Service quality in Finnish retailing : an exploratory study from an Asian consumers' perspective,2017,Phuc Nguyen,Tampere University Institutional Repository (Tampere University),1,Advertising; Artificial intelligence; Business; Computer science; Exploratory research; Marketing; Perspective (graphical); Service (business); Service quality; Social science; Sociology,Unknown
The consumers’ behavior as a driver of retail trends,2023,Nelya MYKYTENKO; Yuliia Biliavska,SCIENTIA FRUCTUOSA,1,Biology; Business; Consumer behaviour; Context (archaeology); Economics; Finance; Law; Linguistics; Marketing; Order (exchange); Paleontology; Philosophy; Political science; Purchasing; Rationality; SWOT analysis; Ukrainian,UA
Evaluating Young Consumers’ Perception of Online Shopping Convenience,2024,Anindita Chakraborty,International Journal of Science and Business,1,Advertising; Business; Chemistry; Chromatography; Computer science; Customer base; Database; Database transaction; Developmental psychology; E-commerce; Likert scale; Marketing; Neuroscience; Perception; Physics; Psychology; Purchasing; Quantum mechanics; Sample (material); Scale (ratio); Service (business); World Wide Web,BD
Data Preprocessing for Evaluation of Recommendation Models in E-Commerce&lt;strong&gt; &lt;/strong&gt;,2019,Drimik Roy Chowdhury; Namrata Chaudhary,Preprints.org,1,Accounting; Archaeology; Artificial intelligence; Business; Computer science; Context (archaeology); Data collection; Geography; Information retrieval; Mathematics; Outlier; Recommender system; Revenue; Statistics,US
COMPARING ONLINE SHOPPER AND NON-SHOPPER ELDERLY CONSUMERS BASED ON THE THEORY OF PLANNED BEHAVIOR: HOW DO THE DEMOGRAPHIC FACTORS MAKE A DIFFERENCE?,2021,Seran YÜKSEL; Sevgi Ayşe Öztürk,Beykent Üniversitesi Sosyal Bilimler Dergisi,1,Advertising; Artificial intelligence; Business; Computer science; Control (management); Dimension (graph theory); Mathematics; Psychology; Pure mathematics; Theory of planned behavior,TR
Kurumsal İtibar ve Algılanan Riskin Tüketici Satın Alma Davranışına Etkisi: Elektronik Ticaret Perakende Sektöründe Bir Uygulama1 (The Effect of Corporate Reputation and Perceıved Risk on Consumer Purchasing Behavior: an Application In Electronic Trade Retail Sector),2020,Fatih Güllük; Necmiye Tülin İrge,Journal of Business Research - Turk,1,Business; Business administration; Humanities; Law; Philosophy; Political science; Psychology; Reputation,TR
Applying the Unified Theory of Acceptance and Use of Technology (UTAUT) in Investigating Online Impulsive Buying Behavior of Vietnamese Consumers,2021,Ha Luong; Hang Minh Pham; Trang H.D. Nguyen,European Journal of Business and Management,1,Advertising; Business; Expectancy theory; Linguistics; Marketing; Philosophy; Psychology; Social influence; Social psychology; Unified theory of acceptance and use of technology; Vietnamese,VN
Is Retail Extra Virgin Olive Oil Truly Extra Virgin? Consumer Perceptions Versus Analytical Quality Across Price Ranges,2025,Barelli Benedetta; Cagnazzi Lavinia; Diana De Santis; Margherita Modesti; Serena Ferri,Food Science & Nutrition,1,Agricultural science; Biology; Business; Environmental science; Epistemology; Food science; Marketing; Olive oil; Philosophy; Popularity; Psychology; Purchasing; Quality (philosophy); Social psychology,IT
Moral Decision-making as Compared to Economic and Shopping Contexts. Gender Effects and Utilitarianism,2019,Claudio Lucchiari; Francesca Meroni; Maria Elide Vanutelli,Archivio Istituzionale della Ricerca (Universita Degli Studi Di Milano),2,Affect (linguistics); Altruism (biology); Communication; Economics; Epistemology; Humanities; Moral reasoning; Philosophy; Positive economics; Psychology; Social psychology; Sociology; Utilitarianism; Welfare economics,Unknown
Retail Pricing Format and Rigidity of Regular Prices,2023,Avichai Snir; Daniel Levy; Sourav Ray,Munich Personal RePEc Archive (Ludwig Maximilian University of Munich),1,Business; Econometrics; Economics; Engineering; Rigidity (electromagnetism); Structural engineering,CA; IL; US
Consumer Decision Making in Multi-channel Retail: the Effects of Online Channel Media Richness and Cross-channel Integration,2018,Feng Yang; Hefu Liu; Matthew Lee; Qian Huang; Yang Li,Proceedings of the ... Annual Hawaii International Conference on System Sciences/Proceedings of the Annual Hawaii International Conference on System Sciences,1,Advertising; Business; Channel (broadcasting); Computer science; Deception; Internet privacy; Loyalty; Marketing; Neuroscience; Perception; Psychology; Social psychology; Telecommunications,CN; HK
The Omnichannel Marketplace: A Look at Modern Consumers,2017,Rosa Arnone,RIT Scholar Works (Rochester Institute of Technology),2,Advertising; Business; Marketing; Omnichannel,Unknown
The Impact of Digital Marketing Decisions on Market Outcomes in Residential Real Estate,2018,Denise Hunter Gravatt,Digital Commons - University of South Florida (University of South Florida),3,Business; Digital marketing; Finance; Market research; Marketing; Real estate; Residential real estate,Unknown
Systematic Literature Review: Online Food Delivery Purchasing Decisions in Indonesia,2024,Bagus Hary Prastito; Yunia Wardi,Journal Of Social Research,1,Business; Computer science; Food delivery; Marketing; Purchasing,ID
"E-Commerce or Traditional Purchasing Channel: Segmenting The Agro-Food Consumers in Cross River State, Nigeria",2025,Amarachi E. Uzoigwe; S. B. Ohen,Journal of Global Innovations in Agricultural Sciences,1,Algorithm; Business; Channel (broadcasting); Commerce; Computer science; Market segmentation; Marketing; Purchasing; State (computer science); Telecommunications,NG
Economic effects of ambient air pollution on consumer shopping behaviors,2020,Hojin Jung,Economics and Business Letters,1,Actuarial science; Air pollution; Biology; Chemistry; Consumption (sociology); Ecology; Econometrics; Economic impact analysis; Economics; Empirical examination; Empirical research; Environmental economics; Environmental science; Epistemology; Microeconomics; Natural resource economics; Organic chemistry; Panel data; Particulate pollution; Particulates; Philosophy; Pollution; Social science; Sociology,KR
Consumer Transactions Simulation Through Generative Adversarial Networks Under Stock Constraints in Large-Scale Retail,2025,Anna Wróblewska; Sergiy Tkachuk; Szymon Łukasik,Electronics,1,Adversarial system; Architecture; Art; Artificial intelligence; Computer science; Data science; Database; Database transaction; Economics; Embedding; Engineering; Generative grammar; Industrial engineering; Mechanical engineering; Microeconomics; Scarcity; Stock (firearms); Transaction data; Visual arts,PL
To Buy or Not to Buy? Shrouding and Partitioning of Prices in an Online Shopping Field Experiment,2019,Markus Dertwinkel‐Kalt; Mats Köster; Matthias Sutter,SSRN Electronic Journal,1,Advertising; Archaeology; Business; Commerce; Computer science; Distribution (mathematics); Drop (telecommunication); German; History; Marketing; Mathematical analysis; Mathematics; Medicine; On demand; Operating system; Presentation (obstetrics); Price discrimination; Process (computing); Radiology; Telecommunications,AT; DE
Online Meal Delivery In Indonesia: Factors Impacting Consumer Persuasion,2024,Emi Rahmawati; Harimurti Wulandjani; Suyanto Suyanto; Tiolina Evi; Widarto Rachbini,Jurnal Manajemen,1,Advertising; Business; Chemistry; Food delivery; Food science; Marketing; Meal; Persuasion; Psychology; Social psychology,ID
When helping is risky: The influence of ethical attributes on consumers’ willingness to buy farmer-assisting agricultural products online,2022,Chao Wang; Jingjing Wu; Qiujin Zheng; Yingzheng Yan,Frontiers in Psychology,2,Agricultural communication; Agriculture; Biology; Business; Ecology; Economics; Marketing; Microeconomics; Neuroscience; Perception; Psychology; Risk perception; Situational ethics; Social psychology; Willingness to pay,CN
A Survey of Sequential Pattern Based E-Commerce Recommendation Systems,2023,C. I. Ezeife; Hemni Sri-Rajeswari Karlapalepu,Algorithms,2,Artificial intelligence; Clickstream; Collaborative filtering; Computer science; Data mining; Database; Domain (mathematical analysis); E-commerce; Information retrieval; Mathematical analysis; Mathematics; Novelty; Philosophy; Recommender system; Scalability; Sequential Pattern Mining; The Internet; Theology; Web API; Web modeling; World Wide Web,CA
Factors influencing consumers’ online purchase behaviour of skin care,2015,Amelia Di Palma,UEL Research Repository (University of East London),3,Advertising; Anthropology; Business; Computer science; Computer-assisted web interviewing; Consumer behaviour; Exploratory factor analysis; Exploratory research; Interactivity; Marketing; Physics; Psychology; Purchasing; Quantum mechanics; Reputation; Scale (ratio); Service (business); Social science; Sociology; World Wide Web,Unknown
Individualized Choices and Digital Nudging: Multiple Studies in Digital Retail Channels,2018,Dennis Kaiser,Repository KITopen (Karlsruhe Institute of Technology),4,Advertising; Business; Marketing,Unknown
Consumer Protection in an Online World: An Analysis of Occupational Licensing,2024,Andrey Fradkin; Bradley Larsen; Chiara Farronato; Erik Brynjolfsson,American Economic Journal Applied Economics,1,Astrophysics; Biology; Business; Commerce; Competition (biology); Computer science; Computer security; Consumer choice; Consumer protection; Ecology; Economics; Exploit; Marketing; Microeconomics; Occupational licensing; Physics; Variation (astronomy),US
The Use of Machine Learning Techniques and Distance Measures in Capturing Collusive Pricing:A Case Study for Algorithmic Pricing in E-Commerce Industry,2024,Selcen Öztürk; Yalçıner Yalçın,Research Square (Research Square),1,Business; Collusion; Computer science; Econometrics; Economics; Financial economics; Industrial organization; Variable pricing,TR
The Impact of Digital Marketing on Consumer Involvement in Zambia during the Covid-19 Epidemic,2022,Bwalya Katongo; Nsama Musawa,International Journal of Scientific Research and Management (IJSRM),1,2019-20 coronavirus outbreak; Business; Coronavirus disease 2019 (COVID-19); Disease; Infectious disease (medical specialty); Internal medicine; Marketing; Medicine; Opinion leadership; Outbreak; Political science; Public relations; Severe acute respiratory syndrome coronavirus 2 (SARS-CoV-2); Viral marketing; Virology,ZM
"Consumer perception of real-time marketing tool used by retailers in Gauteng, South Arica",2016,Safura M. Kallier,Unisa Institutional Repository (University of South Africa),1,Advertising; Business; Geography; Marketing; Neuroscience; Perception; Psychology,Unknown
The Effect of Influencer Credibility on Consumer Online Purchase Intentions: Empirical Insights from Pakistan’s Online Private-Label Market,2025,Afia Khalid; Maleeha Shahid Sameeni; Rizwan Ali; Zara Imran,Journal of Regional Studies Review,1,Advertising; Business; Credibility; Empirical research; Influencer marketing; Law; Marketing; Marketing management; Mathematics; Political science; Private label; Relationship marketing; Statistics,Unknown
"The Effect of Trust, Transaction Utility, and Product Uniqueness on International Online Outshopping (IOO) Intention and Customer Delight: The Role of E-tailer's Country Image",2017,Bharath Ramkumar; Byoungho Jin,Unknown,1,Business; Computer science; Database transaction; Programming language,US
Consumer Trust in Mobile Phone Industry: Comparative Study on Traditional Commerce &amp; E-commerce,2022,Armel Emmanuel Dela Cruz; Jan Emmanuel G Santiago; Kian Balgomera; Ronald Fernandez,Journal of Business and Management Studies,1,Advertising; Business; Computer science; Consumer behaviour; Credibility; Descriptive statistics; E-commerce; Finance; Law; Linguistics; Marketing; Mathematics; Mobile commerce; Mobile phone; Order (exchange); Philosophy; Phone; Political science; Purchasing; Statistics; Telecommunications; World Wide Web,PH
"Consumers' intention in avoiding plastic packaging from online food take-out : a case study of Beijing and Shanghai, China",2021,Kaiyan Yang,Unknown,1,Advertising; Beijing; Business; China; Control (management); Economics; Engineering; Government (linguistics); Incentive; Law; Linguistics; Management; Marketing; Mechanical engineering; Microeconomics; Philosophy; Plastic bag; Political science; Theory of planned behavior; Willingness to pay,Unknown
Impact of Regulatory Decisions of the Republic of Latvia on Sustainable Product Supply Provided by the Food Retail Chains,2018,Anda Batraga; Daina Šķiltere; Santa Bormane,Regional Formation and Development Studies,1,Agricultural economics; Business; Commerce; Economics; Geometry; Marketing; Mathematics; Product (mathematics); Supply chain,LV
Digital possessions : theorising relations between consumers and digital consumption objects,2015,Rebecca Watkins,ePrints Soton (University of Southampton),2,Aesthetics; Agency (philosophy); Art; Artificial intelligence; Computer science; Consumption (sociology); Epistemology; Linguistics; Materiality (auditing); Object (grammar); Philosophy; Possession (linguistics); Social science; Sociology,Unknown
"The Role of Knowledge Share, Satisfaction, Social Commerce Usage Experience on Smart Mobile Device User’s Purchase Intentions: Evidence from South Korean Consumers",2018,Kyung-Joon Kwon,WestminsterResearch (University of Westminster),1,Advertising; Business; Computer science; E-commerce; Machine learning; Marketing; Mobile commerce; Psychology; Social commerce; Social influence; Social media; Social psychology; Structural equation modeling; World Wide Web,GB
Online Product Information Load: Impact on Maximizers and Satisficers within a Choice Context,2022,Jill Mosteller,Counseling And Psychological Services Dissertations (Georgia State University),1,Biology; Business; Cognition; Cognitive load; Consumer choice; Context (archaeology); Decision quality; Economics; Epistemology; Geometry; Management; Marketing; Mathematics; Neuroscience; Paleontology; Patient satisfaction; Philosophy; Product (mathematics); Psychology; Quality (philosophy); Social psychology; Task (project management),US
Consumer Perception of Socially Responsible Activities at a Retail Chain,2023,A Ekonomick -stav Podnikov; A Fonseca; A Lindgreen; Ale; Andrij Borisovi; Auspicia; Av; B Van De Ven; Budjovice Ronk; Budjovice Vysok; C Bhattacharya; Cousido Maria Pilar; Dmytro Pirogov; Doc Bogdanovi; Doc Pea; Doc Phdr; Duek; Ferebauerov Rena; Goncharenko; Gonzlez; Gregor; H Akoglu; Heskov; Ing Drotrov; Ing Duek; Ing Fiala; Ing Ji; Ing Kmecov; Ing Prtlov; Ing Strakov; Iryna Trunina -Maryna Bilyk -Yaroslava; J Anselmsson; J Cuper; J Graafland; J Hultman; J Sandstrm; J Seljak; Jarmila Miikov -Michal Levick -Viera; Jaroslav Slepeck; Jevgenjevi Dmitrij; Ji; Jihoeskho Kraje; Jn Koper; Judr; Judr Svato; Kha; Kostiantyn Pochtoviuk; Kovov; M Bufon; M Frostenson; M Svoboda; Mgr Caha; Miroslav Felcan; Miroslav Sapk; Moskvin; Mudr Hodaov; Natalya Grishko; Nikolaos Avgerinos; Olga Maslak; Olga Maslak -Yaroslava; P Adamisin; Paeddr Caha; Paeddr Krsna; Paeddr Silvia Barnov; Phdr; Phdr Kavan; Phdr Miroslava; Praha; R; R. -Pukala Vavrek; Renata Kosov; S Cankar; S Du; S Helin; S Sen; Sapk Miroslav; Skoepa; Strategie esk; Svato; U Elg; U Johansson; V Markelj; V Petkovek; V Petkovsek; V Swaen; Viktorie Kaov -Kateina; Vkonn; Vysok; Vysokou kolou Evropskch; Yakovenko -Andrii Lomonos; Yakovenko -Dmytro Pirogov -Natalya Grishko - Kostiantyn; Yaroslava Yakovenko; Zaloen Vydvn; asopisu Redakce; kola Technick; lenov; tpn Kavan,Auspicia,1,Business; Chemistry; Chromatography; Corporate social responsibility; Economics; Geometry; Law; Market economy; Marketing; Mathematics; Microeconomics; Neuroscience; Perception; Political science; Politics; Product (mathematics); Profit (economics); Promotion (chess); Psychology; Public relations; Respondent; Salary; Sample (material),Unknown
PricePoints: A System for Aiding Consumers with Grocery Market Shopping,2015,Hmood Al-Dossari; Khaled Al-Quraini; Maha Al-Yahya; Sultan Al-Barrag; Yahya Al-Qahtani,International Journal of Computer Applications Technology and Research,0,Advertising; Business; Computer science; Grocery shopping,SA
Online Grocery Retailing as a Tool for Price Discrimination,2020,"Cakir, Metin; Kong, Xiangwen; Metin Çakır; Xiangwen Kong","2020 Annual Meeting, July 26-28, Kansas City, Missouri",0,Advertising; Business; Commerce; Grocery shopping; Grocery store; Industrial organization; Marketing,Unknown
"Push-Pull-Mooring, Perceived Risk and Consumer Mobility: Findings on Switching Behavior in Online Grocery Shopping during Large Scale Restriction in Covid-19 Pandemic Era",2023,Evi Rinawati Simanjuntak; Matthew Abyra,Unknown,0,2019-20 coronavirus outbreak; Business; Cartography; Computer science; Coronavirus disease 2019 (COVID-19); Disease; Engineering; Geography; Infectious disease (medical specialty); Marine engineering; Medicine; Mooring; Outbreak; Pandemic; Pathology; Scale (ratio); Virology,ID
ARShopping: In-Store Shopping Decision Support Through Augmented Reality and Immersive Visualization,2022,Bingjie Xu; Eunyee Koh; Fan Du; Jane Hoffswell; Ryan A. Rossi; Shunan Guo,arXiv (Cornell University),0,Artificial intelligence; Augmented reality; Business; Computer science; Geometry; Gratification; Human–computer interaction; Marketing; Mathematics; Multimedia; Operating system; Point (geometry); Point of sale; Product (mathematics); Psychology; Purchasing; Social psychology; Space (punctuation); Visualization; World Wide Web,Unknown
PRICING TACTICS OF GROCERY RETAILRES AS THE DRIVER OF TACTICAL CONSUMER RESPONSE,2018,Ana Trusić; Davor Dujak; Jelena Franjković,University of Zagreb University Computing Centre (SRCE),0,Advertising; Business; Grocery shopping; Marketing,HR
Unplanned In-Store Purchase Behavior of Organic Grocery Product Users: Effect of Consumer Innovativeness Traits and Traditional and Digital Promotional Stimuli,2025,Dale Cake; Vikas Agrawal; Wooyang Kim,Journal of Applied Marketing Theory,0,Advertising; Business; Geometry; Grocery shopping; Grocery store; Marketing; Mathematics; Product (mathematics),US
A STUDY ON CONSUMER PERCEPTION TOWARDS ONLINE GROCERY BUYING,2023,Sai Sudharshan,International Journal of Progressive Research in Engineering Management and Science,0,Advertising; Business; Grocery shopping; Marketing; Neuroscience; Perception; Psychology,Unknown
Decision Analytics for Retail Growth: An Australian Case Study,2025,Marcello Sequeira,International Journal of Science and Research (IJSR),0,Analytics; Business; Computer science; Data science,GB
The Influence of Consumer Selection on Store Brands over Name Brands in the Food Retailing Industry,2022,Amal Abu Murtada; Emad Ahmed; Hussein Albanna; Manal Jaber; Medhat Alsafadi,International Journal for Innovation Education and Research,0,Advertising; Attractiveness; Business; Demography; Law; Marketing; Political science; Politics; Population; Private label; Promotion (chess); Psychoanalysis; Psychographic; Psychology; Purchasing; Sociology,HK; US
The Effect of E-commerce on Grocery Store Choice and Retail Competition,2022,Clara Etcheverry,Research Square (Research Square),0,Advertising; Biology; Business; Commerce; Competition (biology); Consumer welfare; Distribution (mathematics); E-commerce; Ecology; Economic surplus; Economics; Industrial organization; Law; Market economy; Market share; Marketing; Mathematical analysis; Mathematics; Political science; Purchasing; Retail market; Welfare,FR
Do shopping lists help in saving time during online grocery shopping? A qualitative study among italian consumers,2020,Marta Sodano,Universidade Nova de Lisboa's Repository (Universidade Nova de Lisboa),0,Advertising; Business; Grocery shopping; Marketing,Unknown
Consumer Buying Behavior Trends on Q-Commerce Platform Zepto -A Case Study,2025,S. Saleem,GBS Impact Journal of Multi Disciplinary Research,0,Advertising; Business; Commerce; Marketing,IN
A study of consumer perceptions towards private label brands within the grocery retail sector in Bangalore,2025,Afzal Basha; Srinidhi K. Parthasarathi; U. Syed Aktharsha,Asian Journal of Management and Commerce,0,Advertising; Business; Commerce; Economic growth; Economics; Grocery shopping; Grocery store; Marketing; Neuroscience; Perception; Private label; Private sector; Psychology; Retail trade,Unknown
The stickiness of food prices in Poland – online vs. Traditional shops,2022,Krystian Jaworski,Argumenta Oeconomica,0,Agricultural economics; Agricultural science; Business; Commerce; Economics; Environmental science,PL
DATA MINING TECHNIQUES FOR CONSUMER ACTIONS USING PROPORTIONAL ANALYSIS OF STRUCTURED AND UNSTRUCTURED RETAIL BUSINESS,2018,Anika Afrin Swarna; Y.Praveen Kumar,IJITR International Journal of Innovative Technology and Research - IJITR International Journal of Innovative Technology and Research,0,Association (psychology); Association rule learning; Business; Computer science; Data mining; Economics; Marketing; Microeconomics; Psychology; Psychotherapist; Rivalry,Unknown
Market segmentation based on consumers' multi-channel behaviours on e-retail purchases,2023,Adnan Kara; H. Bader Arslan,TURKISH JOURNAL OF MARKETING,0,Advertising; Business; Channel (broadcasting); Chemistry; Chromatography; Cluster analysis; Computer network; Computer science; Consumer behaviour; Cronbach's alpha; Demography; Machine learning; Market segmentation; Marketing; Population; Psychographic; Purchasing; Sample (material); Service (business); Sociology,TR
Nutrition in the Aisles: Intervention Strategies and Research Needs for Improving Consumer Nutrition through Food Retail Interventions,2019,Emily Busey,Carolina Digital Repository (University of North Carolina at Chapel Hill),0,Advertising; Business; Environmental health; Intervention (counseling); Marketing; Medicine; Nursing; Psychological intervention,US
Does Consumer‟s Retail Format Choice Decisions Distinguish among 4Cs of Marketing? Evidence from a Research on Jeans wear Retailing,2019,A Keng; A Koh; A Montgomery; A Ramachandraaryasri; Ah Kau; B Anandbethapudi; B Dodds; B Kahn; B Kent; Banerjee; Burns; C Calvo-Porral; C Teller; Ch; Ch Jayasankaraprasad; D Bell; D Bellenger; D Fisher; D Lichtenstein; D Reddy; D Schmittlein; David Woodruff; De Wulf; Douglas Oum; Douglas Tigert; E Fox; Ehrenberg; G Churchill; G Harris; G Zinkhan; H Evanschitzky; H Sundel; H Tae; Harry Bellizzi; Harry Timmermans; I &havrilla; J &kask; J Carpenter; J Inman; J Lattin; J Lee; J Zhou; J.-P &lvy-Mangn; Jayasankaraprasad; John Kruckeberg; Joseph Bellizi; K Davis; K Labat; K Lancaster; K Ownbey; Keane; Kotler; Kristof; L; L Konya; L Labat; L Lodish; Lodish; M Delong; M Erdem; M Miranda; M Moore; M Phil; M Shi; M Sudhavemaraju; Martin; Mary Schumann; Monroe; N Nelson; N Ridgway; P Korgaonkar; P Sinha; Peter Popkowskileszczyc; R Delong; R Netemeyer; Richard Oliver; Robert Clemons; S Benoit; S Burton; S Ma; Sarah Gardial; Song-Zan Chiou-Wei; Stephen Arnold; T Johansson; Tigert; V Mitchell; W Bearden; Warren Hamilton; William Dodds; Y Kim; Y Pan; Z Jiang,International Journal of Recent Technology and Engineering (IJRTE),0,Advertising; Business; Chemistry; Chromatography; Demography; Descriptive statistics; Marketing; Mathematics; Population; Sample (material); Simple random sample; Sociology; Statistics,IN
"The Rise, the Fall, and the Resurrection of the Egrocery Channel: A Transformation in Retail Logistics and U.S. Consumer Behavior",2020,Janeth Gabaldon; Martin T. Farris,Journal of Transportation Management,0,2019-20 coronavirus outbreak; Advertising; Biology; Business; Channel (broadcasting); Coronavirus disease 2019 (COVID-19); Disease; Economics; Engineering; Infectious disease (medical specialty); Marketing; Medicine; Outbreak; Pathology; Retail sales; Severe acute respiratory syndrome coronavirus 2 (SARS-CoV-2); Telecommunications; Virology,US
"Shopping Bags -Consumers' Behaviours, Attitudes and Reflections",2015,Johanna Nilsson; Kristina Larsson,Gothenburg University Publications Electronic Archive (Gothenburg University),0,Advertising; Business; Marketing,Unknown
"Market Concentration, Market Shares, and Retail Food Prices: Evidence from the U.S. Women, Infants, and Children Program",2018,"Ma, Meilin; Meilin Ma; Michelle Saksena; Richard J. Sexton; Richard Volpe; Saitone, Tina L.; Saksena, Michelle; Sexton, Richard J.; Tina L. Saitone; Volpe, Richard J.","AgEcon Search (University of Minnesota, USA)",0,Agricultural economics; Agriculture; Biochemistry; Biology; Business; Chemistry; Competition (biology); Dominance (genetics); Ecology; Economics; Food market; Gene; Industrial organization; Market concentration; Market economy; Market power; Market share; Market structure; Marketing; Monopoly,US
Role of Retail Price Strategy in Influencing Customer Purchase Intention,2021,Karanam Satish Kumar; P. Saritha; Shaik Abdul Mazeed; Shaik Abdul Mazeed*,International Journal of Management and Humanities,0,Advertising; Business; Computer science; Economics; Finance; Hypermarket; Machine learning; Marketing; Procurement; Purchasing; Speculation; Value (mathematics),Unknown
Reconfiguring sustainable grocery retailing - a study on consumers’ resonance to sustainable retail approach,2018,Sydney Sze Kei Leong,Lund University Publications Student Papers (Lund University),0,Anthropology; Archaeology; Biology; Business; Clothing; Consumption (sociology); Ecology; Fast fashion; Finance; History; Marketing; Position (finance); Social science; Sociology; Sustainability; Sustainable consumption; Vision,Unknown
The Effect of Informative and Normative Role of Reference Groups on Consumers Purchasing Intention through Online Grocery Applications,2023,İpek GÜRSOY,Journal of Business Research - Turk,0,Advertising; Business; Chemistry; Chromatography; Computer science; Confirmatory factor analysis; Epistemology; IBM; Marketing; Materials science; Mathematics; Nanotechnology; Normative; Philosophy; Psychology; Purchasing; Sample (material); Service (business); Snowball sampling; Statistics,Unknown
Sustainability in e-commerce food shopping: an empirical study from the perspective of consumers,2025,Federico J.A. Pérez-Cueto; Frank Scrimgeour; Ou Wang; Riccardo Scarpa,British Food Journal,0,Advertising; Artificial intelligence; Biology; Business; Commerce; Computer science; E-commerce; Ecology; Empirical research; Epistemology; Marketing; Perspective (graphical); Philosophy; Sustainability; World Wide Web,NZ; SE
Responsible Consumer Behavior in the Digital Age,2022,Nils Engelbrecht,eDiss (Georg-August-Universität Göttingen),0,Business; Computer science; Consumer behaviour; Consumption (sociology); Distribution (mathematics); Economics; Marketing; Mathematical analysis; Mathematics; Programming language; Purchasing; Set (abstract data type); Social science; Sociology,Unknown
Impact of Information Technology on Consumer Protection in the Digital Era,2022,Mamta Saraswat,Integrated Journal for Research in Arts and Humanities,0,Advertising; Agra; Archaeology; Biology; Business; Clothing; Ecology; Economics; Geography; Internal medicine; Labour economics; Marketing; Medicine; Paleontology; Significant difference; Test (biology); Working hours,Unknown
Increasing consumer retention by innovation-based concept design for digital grocer Crisp,2020,Leoni Halkes,Research Repository (Delft University of Technology),0,Biology; Business; Competitive advantage; Competitor analysis; Computer science; Computer security; Context (archaeology); Epistemology; Finance; Geometry; Marketing; Mathematics; New product development; Order (exchange); Paleontology; Personalization; Philosophy; Product (mathematics); Quality (philosophy); Transparency (behavior),Unknown
An Analysis of Sustainability and Consumer Buying Behaviour in the Food Retail Industry,2020,Sanni Mustonen,Theseus (Ammattikorkeakoulujen),0,Advertising; Biology; Business; Chemistry; Commerce; Ecology; Food industry; Food science; Marketing; Retail industry; Sustainability,Unknown
COVID-19: DIFFICULTIES FACED BY CHINA’S RETAILING INDUSTRY AND RECOMMENDATIONS TO OVERCOME THEM,2022,Chao Li; Jasmine A.L. Yeap; T. Ramayah,International Journal of Law Government and Communication,0,2019-20 coronavirus outbreak; Archaeology; Biology; Business; China; Coronavirus disease 2019 (COVID-19); Disease; Geography; Infectious disease (medical specialty); Law; Marketing; Medicine; Outbreak; Pathology; Political science; Quarter (Canadian coin); Retail industry; Severe acute respiratory syndrome coronavirus 2 (SARS-CoV-2); Virology,MY
Utility and Weight Importance of Product Delivery Attributes in a Collection and Delivery Point Dominated Marketplace,2020,Axel Angberg,Gothenburg University Publications Electronic Archive (Gothenburg University),0,Biomedical engineering; Business; Computer science; Delivery system; Engineering; Geometry; Mathematics; Point (geometry); Product (mathematics),Unknown
The Price Distribution of Consumer Goods in Retail Markets,2023,Joachim Kaldasch,International Journal of Economics and Financial Issues,0,Distribution (mathematics); Econometrics; Economics; Exponential distribution; Laplace distribution; Mathematical analysis; Mathematics; Microeconomics; Mid price; Monetary economics; Price level; Standard deviation; Statistics; Volatility (finance),DE
EVALUATION OF EFFICIENT CONSUMER RESPONSE (ECR) PROCESSES IN RETAIL COMPANIES IN THE BALTIC STATES,2017,Iveta Liniņa; Rosita Zvirgzdiņa,Environment Technology Resources Proceedings of the International Scientific and Practical Conference,0,Business; Carry (investment); Computer science; Customer satisfaction; Economics; Engineering; Finance; Industrial organization; Loyalty; Marketing; Mechanical engineering; Microeconomics; Operating system; Order (exchange); Process (computing); Profit (economics); Retail industry; Supply chain; Work (physics),LV
COMPARISON ANALYSIS OF SAW AND SMART METHODS DECISION SUPPORT SYSTEMS IN SELECTIONS ONLINE TRANSPORTATION IN CITY COMMUNITIES BANDUNG,2023,Budiman Budiman; Chairul Habibi; Irtsa Yasyfa,International Journal of Global Operations Research,0,Advertising; Artificial intelligence; Biology; Business; Competition (biology); Computer science; Ecology; Epistemology; Finance; Geometry; Law; Marketing; Mathematics; Medicine; Order (exchange); Philosophy; Political science; Product (mathematics); Quality (philosophy); Radiology; Ranking (information retrieval); Relevance (law); Service (business); Weighting,ID
"Linking the Determinants of Online Shopping Behavior, Full Nest Consumers, and Behavioral Intentions - A Conceptual Review and Framework",2021,Et. al. Zhang Xiaoyang,Türk bilgisayar ve matematik eğitimi dergisi,0,Advertising; Affect (linguistics); Business; Communication; Computer science; Conceptual framework; Conceptual model; Consumer behaviour; Database; Marketing; Operating system; Process (computing); Psychology; Social science; Sociology,TH
Risk awareness in making consumer online decisions during Covid-19 pandemichttps://www.editorialsystem.com/editor/jms/js/article/176172/#,2023,Agnieszka Bojanowska; Agnieszka Surowiec; Monika Kulisz,Journal of Modern Science,0,Advertising; Business; Chemistry; Chromatography; Consumer behaviour; Coronavirus disease 2019 (COVID-19); Disease; Infectious disease (medical specialty); Marketing; Medicine; Neuroscience; Pandemic; Pathology; Perception; Psychology; Purchasing; Risk perception; Sample (material),PL
Essays on Consumer Behavior and Retail Regulation,2020,Ethan Mallick Hossain,ScholarlyCommons (University of Pennsylvania),0,Advertising; Business; Commerce; Consumer behaviour; Economics; Marketing,Unknown
The New Normal Consumer: A Study on Onilne Shopping Behaviour of Consumers,2022,Deepa Nathwani,SJCC Management Research Review,0,Advertising; Business; Commerce; Computer science; Consumer behaviour; Consumption (sociology); Coronavirus disease 2019 (COVID-19); Disease; Economics; Geometry; Infectious disease (medical specialty); Machine learning; Marketing; Mathematics; Medicine; Microeconomics; Pathology; Product (mathematics); Production (economics); Social science; Sociology; Value (mathematics),IN
Fresh Produce Retail Price Comparisons in Trinidad and Tobago,2018,C. W. Ardon Iton; Govind Seepersad,Applied Studies in Agribusiness and Commerce,0,Agribusiness; Agricultural economics; Agricultural science; Agriculture; Archaeology; Business; Economics; Environmental science; Epistemology; Geography; Marketing; Mathematics; Philosophy; Quality (philosophy); Significant difference; Statistics,TT
"Examining Consumer Trust, Stickiness and Loyalty of Retail Brands",2018,Gary Mortimer,QUT ePrints (Queensland University of Technology),0,Advertising; Brand loyalty; Business; Feeling; Loyalty; Marketing; Psychology; Social psychology,Unknown
Exploring Online Buying Decision Making With Reference To Perceived Risks: Does Gender Matters?,2018,Amit Dangi; Vijay P. Singh,Zenodo (CERN European Organization for Nuclear Research),0,Advertising; Business; Computer science; Internet privacy; Neuroscience; Perception; Psychology; Risk perception; Social psychology,IN
Effects on the sale of products in the market equilibrium and consumer impulsive buying behavior in Finland – A case study on the sale of snack bars and nuts by Cloetta sold at K-market and R-kiosk’s retail chains,2018,Ruqia Akbari,Theseus (Ammattikorkeakoulujen),0,Advertising; Business; Commerce; Consumer behaviour; Marketing,Unknown
An Analytical Study of Blockchain Technology on Consumers' Perceived Value and Loyalty Response in Retail Industry under SOR Theory,2024,Haliyana Khalid; Poh-Chuin Teo; Yue Su,Environment and Social Psychology,0,Blockchain; Business; Commerce; Computer science; Computer security; Loyalty; Marketing; Mathematics; Retail industry; Statistics; Value (mathematics),MY
"Clients' interest in purchasing low-cost staple products at the Venture Centre Marketplace, and suggested prices",2019,Caitlin Thompson; Cara Evans; Cassandra Kirkos; Mauli Patel; Savanah Smith,MacSphere (McMaster University),0,Business; Commerce; Finance; Marketing; Purchasing; Venture capital,Unknown
Searching for information and making purchase decisions in b2b online stores. The case of the technical articles wholesale,2016,Mieczysław Pawłowski; Łukasz Wiechetek,Annals of Computer Science and Information Systems,0,Business; Business-to-business; Computer science; Database; Database transaction; Finance; Generalizability theory; Knowledge management; Marketing; Mathematics; Operating system; Order (exchange); Personalization; Process (computing); Purchasing; Statistics; Transaction cost,PL
An Empirical Study of Consumer Buying Behaviour Towards Organised Retailing,2018,Adeel Maqbool; Faran Ahmad Qadri; Mohammed Ishfaq; Mustafa Raza Rabbani,VNU Journal of Science: Natural Sciences and Technology (Vietnam National University),0,Art; Artificial intelligence; Biochemistry; Business; Chemistry; Computer science; Consumer behaviour; Dominance (genetics); Economics; Epistemology; Finance; Gene; Marketing; Order (exchange); Perspective (graphical); Philosophy; Positive economics; Positivism; Proposition; Psychology; Situational ethics; Social psychology; Sociology; Viewpoints; Visual arts,Unknown
"Consumers’ Preference in Online Purchasing of Ornamental Plants in the Klang Valley, Malaysia",2023,Norsida Man,MALAYSIAN JOURNAL OF AGRICULTURAL ECONOMICS,0,Advertising; Biology; Botany; Business; Descriptive statistics; Economics; Epistemology; Floriculture; Horticulture; Marketing; Mathematics; Microeconomics; Ornamental plant; Philosophy; Popularity; Preference; Psychology; Purchasing; Quality (philosophy); Service (business); Service quality; Social psychology; Statistics,MY
Why Smart Shopping Is the Next Global Consumer Revolution,2025,Adekunle Babasola,Iconic Research and Engineering Journals,0,Business; Computer science,Unknown
Prices and Promotions in U.S. Retail Markets: Evidence from Big Data,2017,Alı Hortaçsu; Günter J. Hitsch; Xiliang Lin,SSRN Electronic Journal,0,Accounting; Business; Diversification (marketing strategy); Economics; Geometry; Law; Marketing; Mathematics; Microeconomics; Mid price; Monetary economics; Political science; Politics; Price dispersion; Price level; Product (mathematics); Promotion (chess); Variance (accounting),US
How to Win Consumer Intention in E-Commerce Platform in a High-Cost Urban City,2025,Anh Hoang Pham; Huyen Thanh; Linh Thi Thuy Pham; Nguyen Duy Dat; Tran Thi Mai Thanh,International Journal of Asian Business and Information Management,0,Advertising; Business; Computer science; E-commerce; Internet privacy; Marketing; World Wide Web,VN
A research on Cultural Influence on Guizhou Consumers’ Attitude toward Online Shopping,2023,Yueming Xiong,Academic Journal of Humanities & Social Sciences,0,Advertising; Archaeology; Business; Context (archaeology); Empirical research; Epistemology; Geography; Marketing; Obstacle; Philosophy; Psychology,Unknown
The influence of social media on online consumer purchase intention,2017,Ng Shirly,UUM Electronic Theses and Dissertation [eTheses] (Northern University of Malaysia),0,Advertising; Business; Computer science; Marketing; Marketing buzz; Purchasing; Social media; Social media optimization; The Internet; World Wide Web,Unknown
Understanding Consumers’ Intention of Adopting Smartphone-facilitated Service Apps in Mobile-enhanced Retailing Business,2017,Anne Yenching Liu; Kevin Lai; Shuchih Ernest Chang; Yu-Teng Jacky Jang,International Journal of e-Education e-Business e-Management and e-Learning,0,Advertising; Business; Computer science; Digital marketing; Marketing; Mobile apps; Mobile marketing; Service (business); World Wide Web,US
Demand Analysis of Terminal Consumers of Online Shopping Based on Maslow Demand Theory,2016,Biyu Yang; Xu Wang; Yuxin Huang,Unknown,0,Business; Commerce; Computer science; Maslow's hierarchy of needs; On demand; Psychology; Social psychology; Telecommunications; Terminal (telecommunication),CN
Cutting Carbon from the Shopping Cart: Consumer Perceptions of a Carbon Label on Food Products,2017,Elizabeth Bedrick,Deep Blue (University of Michigan),0,Advertising; Business; Carbon fibers; Cart; Chemistry; Commerce; Composite material; Composite number; Engineering; Food science; Marketing; Materials science; Mechanical engineering; Neuroscience; Perception; Psychology,Unknown
Factors Influencing Consumer Perception and Purchase Intention of Private Label Brands in the Irish Food Retail Market – A Study,2019,Indraneel Armani,TRAP@NCI (National College of Ireland),0,Advertising; Business; Environmental health; Epistemology; Finance; Irish; Linguistics; Marketing; Medicine; Neuroscience; Order (exchange); Perception; Philosophy; Population; Private label; Psychology; Quality (philosophy),Unknown
Risk When Buying Food by E-Commerce: What Factors Influence the Consumer's Perception of Risk?,2021,"Alexis Villalobos Monge; Monge, Alexis Villalobos","AgEcon Search (University of Minnesota, USA)",0,Advertising; Business; Computer science; E-commerce; Marketing; Neuroscience; Perception; Psychology; Risk perception; World Wide Web,CR
The impact of legislation on retail food prices in Serbia,2016,Miroslav Knežević; Vladimir Matović,Industrija,0,Business; Commerce; Finance; Geometry; Law; Legislation; Marketing; Mathematics; Negotiation; Political science; Portfolio; Product (mathematics); Retail market,CZ; RS
How scarcity principle affects consumers' attention in an online shop: an eye-tracking method,2019,Lisette Kätt,DSpace repository (University of Tartu),0,Advertising; Artificial intelligence; Business; Computer science; Computer vision; Economics; Eye tracking; Microeconomics; Pedagogy; Psychology; Scarcity; Tracking (education),Unknown
Consumer perception towards online shopping with special reference to Agri-products,2022,Faridoon Fazli; Israrullah Yousafzai; JS Sonnad; Nasratullah Kakar,International Journal of Research in Marketing Management and Sales,0,Advertising; Archaeology; Business; Computer science; Geography; Geometry; Grocery shopping; Marketing; Mathematics; Metropolitan area; Neuroscience; Perception; Product (mathematics); Programming language; Psychology; Purchasing; Scope (computer science); Twin cities,BG; IN
Direct And Indirect Effect Of Store Awareness And Store Perceived Quality On Store Brand Choice.Empirical Evidence From Selected Supermarket Retail Industry In Kenya.,2017,Dr.Ronald Bonuke; Simiyu Gabriel,IOSR Journal of Business and Management,0,Advertising; Brand awareness; Business; Epistemology; Marketing; Perceived quality; Philosophy; Quality (philosophy),KE
GharKaSwad: A Digital Platform for Connecting Home Chefs with Consumers,2025,Nikita Bharate,INTERANTIONAL JOURNAL OF SCIENTIFIC RESEARCH IN ENGINEERING AND MANAGEMENT,0,Advertising; Architectural engineering; Business; Computer science; Engineering,Unknown
FACTORS INFLUENCING CONSUMERS’ DECISION ABOUT WHICH INTERNATIONAL CLOTHING RETAILER TO PURCHASE FROM: A SOUTH AFRICAN VALUE AND IMAGE PERSPECTIVE,2018,Christine De Meyer-Heydenrych; Nicole Cunningham,Unknown,0,Advertising; Archaeology; Artificial intelligence; Business; Clothing; Computer science; Emerging markets; Epistemology; Finance; History; Machine learning; Marketing; Perspective (graphical); Philosophy; Purchasing; Quality (philosophy); Value (mathematics),ZA
THE PHASES OF COVID-19 CRISIS MANAGMENT BY THE DIRECTORATES OF COMMERCE IN ALGERIA AND ITS EFFECT ON THE CONSUMER BEHAVIOR,2020,صبري مقيمح,Review of Economic and Business Studies,0,2019-20 coronavirus outbreak; Advertising; Business; Coronavirus disease 2019 (COVID-19); Disease; Infectious disease (medical specialty); Marketing; Medicine; Outbreak; Pathology; Severe acute respiratory syndrome coronavirus 2 (SARS-CoV-2); Virology,Unknown
Anchoring Effect and Influence of Knowledge on Consumers Willingness to Pay for Organic Food Online: An Online Experiment on Chinese Consumers of Organic Food,2023,Jiayu Lu,Advances in Economics Management and Political Sciences,0,Advertising; Anchoring; Business; Computer science; Economics; Machine learning; Marketing; Microeconomics; Neuroscience; Perception; Psychology; Purchasing; Social psychology; Value (mathematics); Willingness to pay,GB
The Challenges and Opportunities Created by a Global Pandemic's Effects on Consumer Shopping Behavior Within the Fashion Retail Industry,2020,Kate O'Conner,Digital USD (University of San Diego),0,Advertising; Archaeology; Brick and mortar; Business; Computer science; Consumer behaviour; Context (archaeology); Coronavirus disease 2019 (COVID-19); Disease; Geography; Infectious disease (medical specialty); Marketing; Medicine; Omnichannel; Pandemic; Pathology; Retail industry; The Internet; World Wide Web,Unknown
Personalizing online reviews for better customer decision making,2021,Tao Chen,Memorial University Research Repository (Memorial University),0,Artificial intelligence; Biology; Botany; Business; Computer science; Context (archaeology); Customer intelligence; Customer retention; Data science; Geometry; Identification (biology); Information retrieval; Knowledge management; Marketing; Mathematics; Paleontology; Personalization; Product (mathematics); Sentiment analysis; Service (business); Service quality; Topic model; World Wide Web,CA
The Impact of the 6 P's on Motivating Egyptian Consumer to Purchase Online,2023,Mostafa Ahmed Shalash,Journal of Economics Finance and Management Studies,0,Advertising; Biology; Business; Chemistry; Chromatography; Epistemology; Geometry; Law; Marketing; Mathematics; Paleontology; Philosophy; Political science; Politics; Product (mathematics); Promotion (chess); Psychology; Quality (philosophy); Sample (material); Service (business); Statistics; Test (biology); Variety (cybernetics),Unknown
"The Influence of Price Value, E-WOM, Subjective Norm, Perceived Behavior Control on Online Purchase Intentions through Attitude",2024,Edy Yulianto; Jason Jason; Lily Purwianti,MEC-J (Management and Economics Journal),0,Advertising; Business; Control (management); Economics; Law; Management; Mathematics; Norm (philosophy); Perceived control; Political science; Psychology; Social psychology; Statistics; Value (mathematics),ID
Problems in measuring price dispersion in e-commerce,2015,Tomasz Galewski,Econstor (Econstor),0,Business; Computer science; Database; Database transaction; Dispersion (optics); E-commerce; Economics; Factor price; Geometry; Industrial organization; Machine learning; Margin (machine learning); Marketing; Mathematics; Microeconomics; Mid price; Monetary economics; Optics; Physics; Price dispersion; Price level; Product (mathematics); Reputation; Social science; Sociology; The Internet; Transaction cost; Vendor; World Wide Web,Unknown
FACTORS AFFECTING ONLINE BUYING BEHAVIOUR OF CONSUMERS IN ABUJA METROPOLIS,2021,Uchenna Onyemobi; Zainab Yetunde,INTERNATIONAL JOURNAL OF MANAGEMENT AND SOCIAL SCIENCES,0,Advertising; Business; Computer science; Demography; E-commerce; Epistemology; Finance; Geometry; Marketing; Mathematics; Nonprobability sampling; Payment; Philosophy; Population; Product (mathematics); Quality (philosophy); Sociology; The Internet; World Wide Web,NG
Online Marketing and Consumer Buying Behaviour of Electronic Products in the North Central Zone of Nigeria,2019,Hanmaikyur Tyopine,Journal of Advance Research in Business Management and Accounting (ISSN 2456-3544),0,Advertising; Business; Chemistry; Chromatography; Consumer behaviour; Demography; Descriptive statistics; Geography; Marketing; Mathematics; Population; Psychology; Regression analysis; Sample (material); Sociology; Statistics,NG
A Paradox in Consumer Shopping Behavior towards Digital Technologies in Brick Stores: An Experimental Approach,2018,Balasingam Prahalathan; N. Umakanth; Sivapalan Achchuthan; Vithyalega Shanmugarajah,Asian Journal of Empirical Research,0,Accounting; Advertising; Brick; Business; Civil engineering; Computer science; Conceptual framework; Digital transformation; Engineering; Field (mathematics); Marketing; Mathematics; Pure mathematics; Service (business); Social science; Sociology; Variance (accounting); World Wide Web,FR; LK
An Investigation of Online Navigation Patterns of Consumers Across Cultures,2017,Kamlesh Tiwari,UWM Digital Commons (University of Wisconsin–Milwaukee),0,Advertising; Business; Computer science; Internet privacy; World Wide Web,Unknown
The Impact of Digital Marketing on Consumer Buying Behavior: A Study of Online vs. Offline Shoppers,2025,Rehan saifi,INTERANTIONAL JOURNAL OF SCIENTIFIC RESEARCH IN ENGINEERING AND MANAGEMENT,0,Advertising; Business; Computer science; Consumer behaviour; Digital marketing; Marketing; Online and offline; Operating system,IN
Segmenting Wine Market: California Red and White Wine Retail Prices in British Columbia,2016,"Carew, Richard C.; Florkowski, Wojciech J.; Meng, Ting; Richard Carew; Ting Meng; Wojciech J. Florkowski","AgEcon Search (University of Minnesota, USA)",0,Agricultural economics; Alcohol content; Biochemistry; Business; Chemistry; Econometrics; Economics; Food science; Gene; Hedonic pricing; Hedonic regression; Market segmentation; Marketing; Microeconomics; Price premium; White (mutation); White Wine; Willingness to pay; Wine,Unknown
"Retail Price Differences between Packaged and Unpackaged Fruits (Apples) and Vegetables (Tomatoes, Peppers)",2023,Samuel Fritschi; Sven Sängerlaub; Thomas Decker,World,0,Business; Chemistry; Food science; Mathematics,DE
Consumer Behavior Towards Online Shopping During Covid-19: An Empirical Study from Mongolian Consumers,2022,Amarjargal Sukhragchaa; Munkherdene Tuvshintugs; Tungalag Jargalsaikhan,European Journal of Business and Management,0,Advertising; Business; Computer science; Coronavirus disease 2019 (COVID-19); Database; Database transaction; Demography; Disease; E-commerce; Empirical research; Epistemology; Infectious disease (medical specialty); Internet shopping; Internet users; Marketing; Medicine; Pathology; Philosophy; Population; Sociology; The Internet; World Wide Web,CN; MN
Evaluation of Dimensions Impacting the Housing Property Retail Price in Noida: An Empirical Study,2024,Samarth Sharma; Shresth Bisaria,International Journal for Research in Applied Science and Engineering Technology,0,Business; Economic geography; Economics; Empirical research; Epistemology; Mathematics; Philosophy; Property (philosophy); Residential property; Statistics,AE
Consumer Behaviour in the E-Commerce.,2025,Ajay Singh,INTERANTIONAL JOURNAL OF SCIENTIFIC RESEARCH IN ENGINEERING AND MANAGEMENT,0,Advertising; Business; Commerce; Computer science; E-commerce; World Wide Web,Unknown
Competition-Based Dynamic Pricing in E-Commerce,2019,Henrik Aalto,Aaltodoc (Aalto University),0,Biology; Business; Commerce; Competition (biology); Computer science; Dynamic pricing; E-commerce; Ecology; Economics; Industrial organization; Marketing; World Wide Web,Unknown
"Three essays on trust, geography and price in online market",2016,Lihua Han,Unknown,0,Archaeology; Business; Chemistry; China; Chromatography; Economics; Financial economics; Geography; Law; Marketing; Political science; Reputation; Sample (material),MX; PL
Improvements within online decision support in a retail context - Estimation of customer's preferences over freshness of a product in an inventory model with complete upwards and downwards substitution,2018,Bruno Montojos,Unknown,0,Biology; Business; Computer science; Context (archaeology); Engineering; Estimation; Geometry; Marketing; Mathematics; Operations research; Paleontology; Product (mathematics); Programming language; Substitution (logic); Systems engineering,Unknown
Understanding Online Fast Fashion Evaluative Cues Used By Generation Y and Z Consumers,2021,Emilie Chan,OPAL (Open@LaTrobe) (La Trobe University),0,Advertising; Archaeology; Artificial intelligence; Business; Chemistry; Chromatography; Clothing; Computer science; Demography; Geography; IBM; Marketing; Materials science; Nanotechnology; Population; Salient; Sample (material); Sociology,CA
Consumer Perception of Online vs Offline Shopping,2025,Raghuvar D. Pathak,INTERANTIONAL JOURNAL OF SCIENTIFIC RESEARCH IN ENGINEERING AND MANAGEMENT,0,Advertising; Business; Computer science; Neuroscience; Online and offline; Operating system; Perception; Psychology,IN
"Newspaper advertising, Retail Pricing Practices, and Gross Retail Margins for Turkeys in Selected Utah and Other U. S. Markets for Various Years and Seasons",2021,Gerry R. Flake,Utah State Research and Scholarship (Utah State University),0,Advertising; Agricultural economics; Agricultural science; Business; Commerce; Economics; Engineering; Environmental science; Finance; Geometry; Gross margin; Limiting; Marketing; Mathematics; Mechanical engineering; Newspaper; Product (mathematics); Profitability index; Retail market; Retail sales,US
The Effect of New brand’s Entry on the Price Strategy of Incumbent Retailers,2015,Suhhyue Lee,ASIA MARKETING JOURNAL,0,Business; Competitive advantage; Computer network; Computer science; Industrial organization; Interdependence; Law; Market share; Marketing; Political science; Resource (disambiguation),Unknown
Analyzing Consumer Buying Behavior on Myntra: A Study of Online Shopping Trends,2025,Priyanka Gaur,European Economic Letters (EEL),0,Advertising; Business; Consumer behaviour; Marketing,Unknown
Supply chain distribution system towards African marketplace : a case of Mr Price.,2019,Luvuyo Zolile. Mthimkhulu,ResearchSpace (University of KwaZulu-Natal),0,Business; Commerce; Distribution (mathematics); Industrial organization; Marketing; Mathematical analysis; Mathematics; Supply chain,Unknown
"Begone, Euclid!: Leasing Custom and Zoning Provision Engaging Retail Consumer Tastes and Technologies in Thriving Urban Centers",2015,Michael Widener,Pace law review,0,Biology; Business; Competition (biology); Computer science; Ecology; Information and Communications Technology; Law; Marketing; Political science; Realm; Social science; Sociology; The Internet; Thriving; World Wide Web; Zoning,US
CONSUMER SEARCH IN BRAZILIAN GASOLINE RETAIL,2022,BARBARA FERNANDES INTROPIDI,Unknown,0,Computer science; Construct (python library); Demography; Dispersion (optics); Distribution (mathematics); Econometrics; Economics; Engineering; Gasoline; Geometry; Mathematical analysis; Mathematics; Microeconomics; Optics; Parametric statistics; Physics; Point (geometry); Population; Price dispersion; Programming language; Search cost; Sociology; Statistics; Waste management,US
MEDIATED MODEL OF DIGITALIZED CORPORATIONS IN THE CONTEXT OF PRICE FAIRNESS AND CUSTOMER PERCEIVED QUALITY,2021,Adnan Arshad; Aniqa Gill; Muhammad Hasnain; Rizwan Qaiser Danish; Sania Saeed,Humanities & Social Sciences Reviews,0,Business; Computer science; Context (archaeology); Epistemology; Geology; Industrial organization; Marketing; Paleontology; Philosophy; Process management; Quality (philosophy),PK
Factors affecting consumer’s adoption of smartphones for mobile commerce,2015,Carl McEvoy,eSource (Dublin Business School),0,Advertising; Business; Commerce; Computer science; Internet privacy; Marketing; Mobile commerce,Unknown
Consumer Rights and E-Commerce Regulation in India: A Legal Analysis,2024,Nishtha Acharya,Unknown,0,Business; Commerce; E-commerce; Economics; Law; Law and economics; Political science,Unknown
Essays about digital innovation on consumer behavior,2024,Sihan Fang,DR-NTU (Nanyang Technological University),0,Advertising; Business,Unknown
Consumers' pursuit of uniqueness in online fashion consumption,2018,Hoang Linh Nguyen,Tampere University Institutional Repository (Tampere University),0,Advertising; Aesthetics; Art; Business; Consumption (sociology); Psychology; Social psychology; Uniqueness,Unknown
Consumer behaviour towards online food delivery services in Ireland- a segmental analysis,2021,Oluwakemi Ifedayo Ogunsemi,eSource (Dublin Business School),0,Advertising; Business; Food delivery; Marketing,Unknown
The Political Economy of Retailing Sustainable Food: Green Consumerism and Sustainability,2020,Megan H. Toofan,Unknown,0,Biology; Business; Consumerism; Ecology; Economic system; Economics; Economy; Law; Market economy; Natural resource economics; Political science; Politics; Sustainability,Unknown
An empirical study of consumers’ attitudes toward using online food delivery services in Bangladesh,2024,Saad Ahmed,Unknown,0,Advertising; Business; Computer science; Consumption (sociology); Control (management); Economics; Finance; Human–computer interaction; Management; Marketing; Order (exchange); Reputation; Service (business); Service delivery framework; Social science; Sociology; Technology acceptance model; Theory of planned behavior; Usability,CA
The socioeconomic impact of retail investment in Soweto: evaluation and policy recommendations,2025,Alexandra S. Davis,"Library, Museums and Press - UDSpace (University of Delaware)",0,Business; Environmental health; Investment (military); Law; Medicine; Political science; Politics; Population; Socioeconomic status,Unknown
Secured iota enabled micropayment transaction crypto-platform with discretionary mining capabilities and miner nomination based on first-price sealed bid auction theory,2019,H.M Sadman Amin; Nakhla Rafi; Syeda Afrida Anjum; Zahin Sufiyan,Unknown,0,Business; Computer science; Computer security; Database; Database transaction; Law; Nomination; Political science,Unknown
The Effects of Calorie Information Disclosures on Food Choice and Retailer-Related Outcomes,2017,Christopher Berry,ScholarWorks - UARK (University of Arkansas at Fayetteville),0,Actuarial science; Business; Calorie; Economics; Endocrinology; Marketing; Medicine; Psychology; Public economics,Unknown
Consumer Behavior in Choosing Shopping Malls versus Local Traditional Markets,2025,Muhammad Farhan Yousfi; Sohaib Uz Zaman; Syed Hasnain Alam,ACADEMIA International Journal for Social Sciences,0,Advertising; Business; Commerce; Consumer behaviour; Marketing,PK
Consumer attitude toward mobile apps in retail: the role of customer satisfaction and push notifications,2022,Attila Wohllebe,Unknown,0,Advertising; Business; Computer science; Consumer satisfaction; Customer satisfaction; Marketing; Mobile apps; Push technology; World Wide Web,Unknown
"Digital Citizenship ""Consumer Awareness"" Course",2022,TEAM4Excellence Association; XYLOURI Ourania,Zenodo (CERN European Organization for Nuclear Research),0,Aerospace engineering; Business; Citizenship; Computer science; Course (navigation); Engineering; Law; Political science; Politics; Psychology,Unknown
MAKING SENSE OF THE CUSTOMER JOURNEY: THE MOBILE DEVICES ROLE IN CONSUMERS’ SHOPPING EXPERIENCES,2021,Fanny Kuusisto; Olivia Lagergren,Gothenburg University Publications Electronic Archive (Gothenburg University),0,Advertising; Business; Computer science; Customer engagement; Internet privacy; Marketing; Mobile device; Social media; World Wide Web,Unknown
Morality in the marketplace: investigating the antecedents of unethical consumer behavior,2016,Saar Bossuyt,Lirias (KU Leuven),0,Business; Consumer behaviour; Epistemology; Marketing; Morality; Philosophy; Psychology; Social psychology,Unknown
"Three Essays on Food Policy, Retailer Strategic Behavior, and Consumer Welfare",2019,Giulia Tiboldo,OpenCommons at University of Connecticut (University of Connecticut),0,Business; Consumer behaviour; Consumer welfare; Economics; Market economy; Marketing; Microeconomics; Public economics; Welfare,Unknown
"Theoretical and Econometric Models of Behavioural Decision-making: Limited Attention, Framing effects and Online Search",2019,Peter Gibbard,ANU Open Research (Australian National University),0,Archaeology; Cognitive psychology; Econometrics; Economics; Framing (construction); Framing effect; Geography; Persuasion; Political science; Positive economics; Psychology; Social psychology,Unknown
"The relationship between interest and attitude towards online sales promotion, and impulsive buying for cosmetics among Chinese generation Z consumers",2021,Peilin Peng,Unknown,0,Advertising; Archaeology; Business; China; Consumption (sociology); Cosmetics; Geography; Law; Marketing; Medicine; Pathology; Political science; Politics; Promotion (chess); Psychology; Sales management; Sales promotion; Social science; Sociology,TH
Emotional Engagement of Consumers: A Case Study Between Peloton and ClassPass and their Differences in Branding Initiatives on the Facebook Platform,2020,Meredith Stephens,Digital Commons - UMaine (University of Maine),0,Advertising; Business; Computer science; Customer engagement; Internet privacy; Marketing; Political science; Psychology; Public relations; Social media; Social psychology; World Wide Web,Unknown
Perceptions of retail managers and consumers of green products at select Pick &amp; Pay stores in Durban,2018,Silungile Brightness Mncwabe,Unknown,0,Advertising; Biology; Business; Cronbach's alpha; Ecology; Epistemology; Geometry; Green marketing; Marketing; Mathematics; Neuroscience; Perception; Philosophy; Product (mathematics); Psychology; Quality (philosophy); Service (business); Sustainability,Unknown
"What's Missing in your Shopping Cart? A Set Based Recommendation Method for ""Cold-Start"" Prediction",2017,Yubo Zhou,YorkSpace (York University),0,Aerospace engineering; Artificial intelligence; Baseline (sea); Cart; Cold start (automotive); Collaborative filtering; Computer science; Curse of dimensionality; Data mining; Dimensionality reduction; Engineering; Geology; Information retrieval; Machine learning; Mechanical engineering; Oceanography; Programming language; Recommender system; Session (web analytics); Set (abstract data type); World Wide Web,Unknown
"The relationship between consumers' beliefs about Sephora Thailand’s website, attitudes, and online purchase intentions",2020,Kemjira Wangkapan,Unknown,0,Advertising; Beauty; Business; Law; Political science; Positive attitude; Psychology; Social psychology,Unknown
Retail manager decision-making during crisis,2020,David Neisen,Unknown,0,Art; Business; Computer network; Computer science; Computer security; Crisis management; Crisis response; Duration (music); Economics; Key (lock); Literature; Machine learning; Management; Marketing; Political science; Public relations; Resource (disambiguation); Value (mathematics),Unknown
Being cosmopolitan: the consumption practices and behaviors of consumers betwixt and between marketplaces,2017,Aleksandrina Atanasova,Aaltodoc (Aalto University),0,Aesthetics; Art; Business; Consumption (sociology); Sociology,Unknown
Safety and security of consumers at retail stores in the Gauteng province : an assesment of security measures,2017,Misaveni Abel Mahambane,Unisa Institutional Repository (University of South Africa),0,Business; Computer science; Computer security; Marketing,Unknown
The Role of Surge Pricing on a Service Platform with Self-Scheduling Capacity,2017,Gérard P. Cachon; Kaitlin Daniels; Ruben Lobel,Manufacturing & Service Operations Management,707,Business; Dynamic pricing; Economics; Macroeconomics; Marketing; Meteorology; Microeconomics; Physics; Profit (economics); Service (business); Service provider; Stylized fact; Surge,US
Analytics for an Online Retailer: Demand Forecasting and Price Optimization,2015,Bin Hong Alex Lee; David Simchi‐Levi; Kris Ferreira,Manufacturing & Service Operations Management,532,Analytics; Business; Computer science; Data science; Demand forecasting; Dynamic pricing; Economics; Engineering; Finance; Geometry; Marketing; Mathematics; Microeconomics; Operations research; Point of sale; Pricing strategies; Product (mathematics); Revenue; Revenue management; World Wide Web,US
Uniform Pricing in U.S. Retail Chains*,2019,Matthew Gentzkow; Stefano DellaVigna,The Quarterly Journal of Economics,384,Benchmark (surveying); Biology; Competition (biology); Consumer demand; Demographics; Demography; Ecology; Econometrics; Economics; Geodesy; Geography; Microeconomics; Monetary economics; Profit (economics); Sociology,US
"Online hotel booking: The effects of brand image, price, trust and value on purchase intentions",2015,Che-Hui Lien; Kuo-Lung Wu; Li‐Ching Huang; Miin-Jye Wen,Asia Pacific Management Review,510,Advertising; Brand image; Business; Computer science; Machine learning; Marketing; Psychology; Social psychology; Trustworthiness; Value (mathematics),CA; TW
Does the digital transformation of enterprises affect stock price crash risk?,2022,Dongmin Kong; Keping Wu; Yumei Fu,Finance research letters,407,Biochemistry; Biology; Business; Chemistry; Computer science; Crash; Digital transformation; Econometrics; Economics; Engineering; Financial economics; Gene; Mechanical engineering; Monetary economics; Paleontology; Programming language; Robustness (evolution); Series (stratigraphy); Stock (firearms); Stock price; World Wide Web,CN
"House Prices, Local Demand, and Retail Prices",2018,Johannes Stroebel; Joseph Vavra,Journal of Political Economy,174,Economics; House price; Labour economics; Microeconomics; Monetary economics; Price elasticity of demand; Price elasticity of supply,US
Oil and food prices in Malaysia: a nonlinear ARDL analysis,2015,Mansor H. Ibrahim,Agricultural and Food Economics,283,Agriculture; Biology; Cointegration; Distributed lag; Ecology; Econometrics; Economics; Food prices; Food security; Inflation (cosmology); Mid price; Monetary economics; Oil price; Physics; Price level; Producer price index; Short run; Theoretical physics,MY
An Empirical Analysis of Algorithmic Pricing on Amazon Marketplace,2016,Alan Mislove; Christo Wilson; Le Chen,Unknown,272,Amazon rainforest; Biology; Computer science; Data science; Dynamic pricing; E-commerce; Ecology; Economics; Microeconomics; Physics; Pricing strategies; Programming language; Quantum mechanics; Scale (ratio); Set (abstract data type); World Wide Web,US
Pricing strategies for a taxi-hailing platform,2016,Fang He; Hai Yang; Haoyang Gao; Xiaolei Wang,Transportation Research Part E Logistics and Transportation Review,260,Business; Computer science; Engineering; Fleet management; Industrial organization; Marketing; Operations research; Transport engineering,CN; HK; US
Firms' digitalization and stock price crash risk,2022,Kangqi Jiang; Xinyi Du; Zhongfei Chen,International Review of Financial Analysis,284,Business; Computer science; Crash; Digital transformation; Econometrics; Economics; Endogeneity; Engineering; Industrial organization; Mechanical engineering; Programming language; Stock (firearms); World Wide Web,CN
Dynamic pricing and matching in ride‐hailing platforms,2019,Chiwei Yan; Dawn B. Woodard; Helin Zhu; Nikita Korolko,Naval Research Logistics (NRL),296,Artificial intelligence; Business; Computer science; Computer security; Dynamic pricing; Economics; Engineering; Geometry; Key (lock); Marketing; Matching (statistics); Mathematics; Mechanism design; Microeconomics; Operations research; Perspective (graphical); Product (mathematics); Statistics; Telecommunications; Throughput; Wireless,US
Retail investor attention and stock price crash risk: Evidence from China,2019,Fenghua Wen; Gang Kou; Guangda Ouyang; Longhao Xu,International Review of Financial Analysis,383,Biology; Business; China; Chinese market; Computer science; Crash; Economics; Engineering; Evolutionary biology; Extant taxon; Finance; Financial economics; Law; Mechanical engineering; Monetary economics; Paleontology; Political science; Programming language; Series (stratigraphy); Stock (firearms); Stock price,CA; CN; GB; US
Understanding the intention to use mobile shopping applications and its influence on price sensitivity,2017,Dharun Kasilingam; Senthil Arasu Balasubramanian; Thamaraiselvan Natarajan,Journal of Retailing and Consumer Services,383,Advertising; Business; Chemistry; Chromatography; Computer science; Geodesy; Geography; Human–computer interaction; Machine learning; Market segmentation; Marketing; Mobile commerce; Neuroscience; Pace; Perception; Psychology; Risk perception; Sample (material); Structural equation modeling; Technology acceptance model; Usability,IN
Revisiting the oil price and stock market nexus: A nonlinear Panel ARDL approach,2017,Afees A. Salisu; Kazeem O. Isah,Economic Modelling,331,Biology; Computer science; Econometrics; Economics; Embedded system; Engineering; Financial economics; Horse; Mathematics; Mechanical engineering; Monetary economics; Nexus (standard); Nonlinear system; Oil price; Paleontology; Panel data; Physics; Predictability; Quantum mechanics; Statistics; Stock (firearms); Stock market,NG
Pricing in Ride-Sharing Platforms,2015,Carlos Riquelme; Ramesh Johari; Siddhartha Banerjee,Unknown,193,Computer network; Computer science; Data collection; Dynamic pricing; Economics; Engineering; Incentive; Mathematics; Microeconomics; Operations research; Queueing theory; Statistics,US
Pricing in Ride-Share Platforms: A Queueing-Theoretic Approach,2015,Carlos Riquelme; Ramesh Johari; Siddhartha Banerjee,SSRN Electronic Journal,222,Business; Computer network; Computer science; Econometrics; Economics; Queueing theory,US
Consumer Price Search and Platform Design in Internet Commerce,2018,Jonathan Levin; Liran Einav; Michael Dinerstein; Neel Sundaresan,American Economic Review,214,Advertising; Biology; Business; Competition (biology); Computer science; Computer security; Context (archaeology); E-commerce; Ecology; Economics; Epistemology; Geometry; Incentive; Industrial organization; Key (lock); Marketing; Mathematics; Microeconomics; Operating system; Paleontology; Philosophy; Process (computing); Product (mathematics); Simple (philosophy); The Internet; World Wide Web,US
Optimal pricing in on-demand-service-platform-operations with hired agents and risk-sensitive customers in the blockchain era,2020,Na Liu; Shu Guo; Tsan‐Ming Choi; Xiutian Shi,European Journal of Operational Research,322,Biology; Business; Economics; Marketing; Microeconomics; Neuroscience; Perception; Pricing strategies; Profit (economics); Risk neutral; Risk perception; Service (business),CN; GB; HK
Does price sensitivity and price level influence store price image and repurchase intention in retail markets?,2018,Ana Paula Graciola; Deonir De Toni; Gabriel Sperandio Milan; Vinicius Zanchet de Lima,Journal of Retailing and Consumer Services,116,Advertising; Biology; Business; Chemistry; Chromatography; Computer science; Context (archaeology); Descriptive statistics; Economics; Machine learning; Marketing; Mathematics; Monetary economics; Paleontology; Price level; Sample (material); Statistics; Structural equation modeling,BR
Optimal pricing for ride-sourcing platforms,2019,Guowei Hua; Luoyi Sun; M. Zied Babai; Ruud Teunter,European Journal of Operational Research,147,Beijing; Business; China; Computer science; Dynamic pricing; Economics; Engineering; Law; Marketing; Microeconomics; Operations research; Political science; Popularity; Profit (economics); Psychology; Social psychology,CN; FR; NL
Auctions versus Posted Prices in Online Markets,2017,Chiara Farronato; Jonathan Levin; Liran Einav; Neel Sundaresan,Journal of Political Economy,165,Advertising; Auction theory; Business; Common value auction; Computer science; Economics; Environmental health; Falling (accident); Forward auction; Incentive; Medicine; Microeconomics; The Internet; World Wide Web,GB; US
A novel multiscale nonlinear ensemble leaning paradigm for carbon price forecasting,2018,Bangzhu Zhu; Kaijian He; Ping Wang; Shunxin Ye; Tao Zhang; Yi‐Ming Wei,Energy Economics,220,Algorithm; Artificial intelligence; Autoregressive conditional heteroskedasticity; Autoregressive model; Biochemistry; Biology; Carbon price; Chemistry; Combinatorics; Computer science; Ecology; Econometrics; Gene; Greenhouse gas; Heteroscedasticity; Hilbert–Huang transform; Kernel (algebra); Mathematical optimization; Mathematics; Nonlinear system; Particle swarm optimization; Physics; Quantum mechanics; Robustness (evolution); Statistics; Support vector machine; Volatility (finance); White noise,CN; GB
The optimal pricing strategy for two-sided platform delivery in the sharing economy,2017,Guan-Yu Zhong; Ling-Chieh Kung,Transportation Research Part E Logistics and Transportation Review,201,Business; Computer science; Economics; Industrial organization; Microeconomics; Sharing economy; World Wide Web,TW
Predicting short-term stock prices using ensemble methods and online data sources,2018,Bin Weng; Fadel M. Megahed; Lin Lü; Waldyn G. Martinez; Xing Wang,Expert Systems with Applications,271,Artificial intelligence; Artificial neural network; Biology; Computer science; Engineering; Expert system; Horse; Knowledge base; Machine learning; Mathematics; Mechanical engineering; Paleontology; Random forest; Regression; Sentiment analysis; Statistics; Stock (firearms); Stock market; Stock market prediction; Support vector machine,US
Price competition and blockchain adoption in retailing markets,2021,Da Ren; Shanxue Yang; Yanfei Lan; Zhiming Zhang,European Journal of Operational Research,176,Biology; Blockchain; Business; Commerce; Competition (biology); Computer science; Computer security; Ecology; Finance; Law; Order (exchange); Political science; Politics; Promotion (chess); Transparency (behavior),CN
Pricing of eco-labels with retailer heterogeneity,2015,Frank Asche; Geir Sogn‐Grundvåg; James A. Young; Martin D. Smith; Thomas A. Larsen,Food Policy,140,Biology; Business; Certification; Ecology; Economics; Epistemology; Geometry; Industrial organization; Management; Marketing; Mathematics; Microeconomics; Philosophy; Price premium; Product (mathematics); Quality (philosophy); Supply chain; Sustainability; Willingness to pay,GB; NO; US
Wholesale Pricing or Agency Pricing on Online Retail Platforms: The Effects of Customer Loyalty,2018,Guofang Nan; Lin Chen; Minqiang Li,International Journal of Electronic Commerce,115,Agency (philosophy); Business; Commission; Economic surplus; Economics; Epistemology; Finance; Industrial organization; Loyalty; Loyalty business model; Market economy; Marketing; Microeconomics; Philosophy; Pricing strategies; Profit (economics); Service (business); Service quality; Welfare,Unknown
Strategic dual-channel pricing games with e-retailer finance,2019,Nina Yan; Xiuli He; Xun Xu; Yang Liu,European Journal of Operational Research,185,Art; Business; Channel (broadcasting); Computer science; Dual (grammatical number); Economics; Game theory; Literature; Mathematical economics; Mathematics; Microeconomics; Operations research; Telecommunications,CN; US
Match Your Own Price? Self-Matching as a Retailer’s Multichannel Pricing Strategy,2017,Elie Ofek; Pavel Kireyev; Vineet Kumar,Marketing Science,108,Biology; Business; Competition (biology); Cournot competition; Duopoly; Dynamic pricing; Ecology; Economics; Industrial organization; Marketing; Matching (statistics); Mathematics; Microeconomics; Price discrimination; Pricing strategies; Statistics,US
The effects of oil price shocks on the economies of the Gulf Co-operation Council countries: Nonlinear analysis,2016,Salah A. Nusair,Energy Policy,216,Autoregressive model; Computer network; Computer science; Distributed lag; Econometrics; Economics; Lag; Mathematical analysis; Mathematics; Monetary economics; Oil price; Panel data; Positive relationship; Psychology; Real gross domestic product; Sign (mathematics); Social psychology,KW
Competition-Based Dynamic Pricing in Online Retailing: A Methodology Validated with Field Experiments,2017,Jun Li; Marshall L. Fisher; Santiago Gallino,Management Science,187,Accounting; Biology; Business; Cannibalization; Competition (biology); Competitor analysis; Consumer choice; Dynamic pricing; Ecology; Econometrics; Economics; Endogeneity; Industrial organization; Marketing; Microeconomics; Revenue; Revenue management; Stockout,US
The Role of Surge Pricing on a Service Platform with Self-Scheduling Capacity,2015,Gérard P. Cachon; Kaitlin Daniels; Ruben Lobel,SSRN Electronic Journal,156,Business; Computer science; Economics; Electrical engineering; Engineering; Operations management; Operations research; Scheduling (production processes); Surge,US
An Online Mechanism for Resource Allocation and Pricing in Clouds,2015,Athanasios V. Vasilakos; Daniel Grosu; Lena Mashayekhy; Mark Nejad,IEEE Transactions on Computers,144,Cloud computing; Computer network; Computer science; Computer security; Economics; Epistemology; Incentive; Mechanism (biology); Microeconomics; Operating system; Payment; Philosophy; Provisioning; Resource (disambiguation); Resource allocation; Virtual machine; World Wide Web,SE; US
Pricing strategy and coordination in a dual channel supply chain with a risk-averse retailer,2016,Bo Li; Pengwen Hou; Ping Chen; Qinghua Li,International Journal of Production Economics,190,Art; Business; CVAR; Channel (broadcasting); Channel coordination; Computer network; Computer science; Dual (grammatical number); Economics; Expected shortfall; Finance; Literature; Marketing; Microeconomics; Risk management; Risk neutral; Stackelberg competition; Supply chain; Supply chain management,CN
Promotional pricing and online business model choice in the presence of retail competition,2019,Pingping Chen; Ruiqing Zhao; Xiang Li; Yingchen Yan,Omega,172,Advertising; Biology; Business; Competition (biology); Ecology; Industrial organization; Marketing,CN
"When to introduce an online channel, and offer money back guarantees and personalized pricing?",2016,Bintong Chen; Jing Chen,European Journal of Operational Research,181,Art; Artificial intelligence; Business; Channel (broadcasting); Computer science; Dual (grammatical number); Economics; Finance; Geometry; Industrial organization; Literature; Marketing; Mathematics; Microeconomics; Order (exchange); Product (mathematics); Selection (genetic algorithm); Telecommunications,CA; US
Cost and affordability of nutritious diets at retail prices: Evidence from 177 countries,2020,Derek Headey; Robel Alemu; Steven Block; William A. Masters; Yan Bai,Food Policy,195,Agricultural economics; Agricultural science; Agriculture; Biology; Business; Chemistry; Ecology; Economics; Environmental health; Essential nutrient; Food prices; Food security; Macroeconomics; Marketing; Medicine; Micronutrient; Nutrient; Organic chemistry; Per capita; Population; Purchasing; Stylized fact; Subsistence agriculture,US
Search platforms: showrooming and price parity clauses,2020,Chengsi Wang; Julian Wright,The RAND Journal of Economics,123,Business; Economics; Harm; Industrial organization; Law; Marketing; Microeconomics; Political science; Search cost,AU; SG
Dynamic Online Pricing with Incomplete Information Using Multiarmed Bandit Experiments,2019,Eric M. Schwartz; Jacob Abernethy; Kanishka Misra,Marketing Science,173,Artificial intelligence; Computer science; Dynamic pricing; Economics; Machine learning; Mathematical optimization; Mathematics; Microeconomics; Multi-armed bandit; Regret,US
Optimal selling format considering price discount strategy in live-streaming commerce,2023,Guojun Ji; Shuhao Li; Tianyu Fu,European Journal of Operational Research,166,Business; Computer science; Economics; Live streaming; Mathematics; Microeconomics; Multimedia; Operations research,CN
Impact of oil price changes on domestic price inflation at disaggregated levels: Evidence from linear and nonlinear ARDL modeling,2017,Siok Kun Sek,Energy,111,Distributed lag; Econometrics; Economics; Incomes policy; Inflation (cosmology); Macroeconomics; Mid price; Monetary economics; Oil price; Physics; Price level; Producer price index; Production (economics); Short run; Theoretical physics,MY
Price Transparency and Retail Prices: Evidence from Fuel Price Signs in the Italian Highway System,2015,Federico Rossi; Pradeep K. Chintagunta,Journal of Marketing Research,71,Biology; Business; Collusion; Competition (biology); Competitor analysis; Ecology; Economics; Factor price; Law; Limit price; Marketing; Microeconomics; Mid price; Monetary economics; Political science; Price discrimination; Price dispersion; Price level; Reservation price; Search cost; Transparency (behavior),IT; US
Retail Short Selling and Stock Prices,2016,Eric K. Kelley; Paul C. Tetlock,Review of Financial Studies,149,Business; Commerce; Economics; Engineering; Financial economics; Mechanical engineering; Monetary economics; Stock (firearms),US
Oil price and inflation in Algeria: A nonlinear ARDL approach,2019,Abdalla Sirag; Miloud Lacheheb,The Quarterly Review of Economics and Finance,116,Autoregressive model; Distributed lag; Econometrics; Economics; Inflation (cosmology); Inflation rate; Monetary economics; Monetary policy; Nonlinear system; Oil price; Physics; Quantum mechanics; Theoretical physics,DZ; RU; SD
Does everyone have a price? Understanding people’s attitude towards online and offline price discrimination,2019,Frederik Zuiderveen Borgesius; Joost Poort,Internet Policy Review,86,Advertising; Business; Chemistry; Chromatography; Consumer behaviour; Demography; Economics; Marketing; Microeconomics; Population; Price discrimination; Sample (material); Sociology,NL
"Price Setting in Online Markets: Basic Facts, International Comparisons, and Cross-Border Integration",2015,Oleksandr Talavera; Yuriy Gorodnichenko,RePEc: Research Papers in Economics,154,Convergence (economics); Economics; Exchange rate; Exchange-rate pass-through; International economics; Law of one price; Macroeconomics; Microeconomics; Mid price; Monetary economics; Price level; Price setting; Relative price,GB; US
"Higher Retail Prices of Sugar-Sweetened Beverages 3 Months After Implementation of an Excise Tax in Berkeley, California",2015,Anna H. Grummon; Jennifer Falbe; Kristine A. Madsen; Nadia Rojas,American Journal of Public Health,197,Agricultural economics; Business; Chemistry; Confidence interval; Consumption (sociology); Economics; Excise; Fluid ounce (US); Food science; Internal medicine; Law; Macroeconomics; Medicine; Political science; Social science; Sociology; Sugar,Unknown
Pricing and penalty/compensation strategies of a taxi-hailing platform,2017,Fang He; Xi Lin; Xiaolei Wang; Xindi Tang,Transportation Research Part C Emerging Technologies,127,Beijing; China; Compensation (psychology); Computer network; Computer science; Engineering; Flow network; Law; Mathematical optimization; Mathematics; Operations research; Penalty method; Political science; Psychoanalysis; Psychology; Reservation,CN
Prices and promotions in U.S. retail markets,2021,Alı Hortaçsu; Günter J. Hitsch; Xiliang Lin,Quantitative Marketing and Economics,93,Accounting; Business; Economics; Factor price; Law; Marketing; Microeconomics; Monetary economics; Political science; Politics; Price dispersion; Price level; Price variance; Promotion (chess); Sales management; Sales promotion; Variance (accounting),CN; US
"Electrical Vehicle Charging Station Profit Maximization: Admission, Pricing, and Online Scheduling",2018,Jianwei Huang; Shuoyao Wang; Suzhi Bi; Ying–Jun Angela Zhang,IEEE Transactions on Sustainable Energy,154,Admission control; Charging station; Computer network; Computer science; Dynamic pricing; Economics; Electric vehicle; Engineering; Mathematical optimization; Mathematics; Maximization; Microeconomics; Operations research; Physics; Power (physics); Profit (economics); Profit maximization; Quality of service; Quantum mechanics; Queueing theory; Real-time computing; Scheduling (production processes),CN
Pricing and sourcing strategies for competing retailers in supply chains under disruption risk,2017,Balram Avittathur; Milan Kumar; Preetam Basu,European Journal of Operational Research,148,Biology; Business; Economics; Evolutionary biology; Extant taxon; Finance; Industrial organization; Marketing; Microeconomics; Order (exchange); Procurement; Strategic financial management; Strategic planning; Strategic sourcing; Supply chain,IN
The impact of FinTech start-ups on incumbent retail banks’ share prices,2017,Laurens Swinkels; Renée Spigt; Yinqiao Li,Financial Innovation,205,Banking industry; Biology; Business; Complementarity (molecular biology); Computer science; Econometrics; Economics; Engineering; Finance; Genetics; Liberian dollar; Machine learning; Marketing; Mechanical engineering; Monetary economics; Panel data; Retail industry; Spurious relationship; Stock (firearms),NL
A Model of Customizing Electricity Retail Prices Based on Load Profile Clustering Analysis,2018,Fushuan Wen; Jiajia Yang; Junhua Zhao; Zhaoyang Dong,IEEE Transactions on Smart Grid,144,Algorithm; Artificial intelligence; Big data; Cluster analysis; Computer science; Consumption (sociology); Data mining; Electrical engineering; Electricity; Engineering; Geometry; Grid; Integer programming; Load profile; Mathematical optimization; Mathematics; Operations research; Smart grid; Social science; Sociology,AU; CN
"Testing for asymmetric nonlinear short- and long-run relationships between bitcoin, aggregate commodity and gold prices",2018,Amine Lahiani; Elie Bouri; Muhammad Shahbaz; Rangan Gupta,Resources Policy,180,Aggregate (composite); Asset (computer security); Autoregressive model; Cointegration; Commodity; Composite material; Computer science; Computer security; Distributed lag; Econometrics; Economics; Finance; Index (typography); Materials science; Nonlinear system; Physics; Quantile; Quantum mechanics; World Wide Web,FR; LB; ZA
Joint Dynamic Pricing and Order Fulfillment for E-commerce Retailers,2018,Amitabh Sinha; Stefanus Jasin; Yanzhe Lei,Manufacturing & Service Operations Management,134,Accounting; Artificial intelligence; Benchmark (surveying); Computer science; Control (management); Dynamic pricing; Economics; Finance; Geodesy; Geography; Geometry; Heuristic; Inventory control; Mathematical optimization; Mathematics; Microeconomics; Operations research; Order (exchange); Product (mathematics); Revenue,US
Price Setting in Online Markets: Does IT Click?,2018,Yuriy Gorodnichenko,Cronfa (Swansea University),97,Channel (broadcasting); Competitor analysis; Computer science; Dispersion (optics); Econometrics; Economics; Imperfect; Information retrieval; Linguistics; Management; Microeconomics; Mid price; Monetary economics; Online and offline; Online search; Operating system; Optics; Philosophy; Physics; Price dispersion; Price level; Price setting; Programming language; Relative price; Search cost; Set (abstract data type); Synchronization (alternating current); Telecommunications,US
Platform Design When Sellers Use Pricing Algorithms,2023,Andrew Rhodes; Justin P. Johnson; Matthijs R. Wildenbeest,Econometrica,115,Biology; Competition (biology); Computer science; Consumer demand; Ecology; Economic surplus; Economics; Industrial organization; Market economy; Microeconomics; Stochastic game; Welfare,FR; US
Association of a Beverage Tax on Sugar-Sweetened and Artificially Sweetened Beverages With Changes in Beverage Prices and Sales at Chain Retailers in a Large Urban Setting,2019,Ana Peterhans; Bradley Herring; Christina A. Roberto; Hannah G. Lawman; Michael T. LeVasseur; Nandita Mitra; Sara N. Bleich,JAMA,234,Ad valorem tax; Advertising; Agricultural economics; Agricultural science; Business; Consumption (sociology); Double taxation; Economics; Environmental science; Excise; Finance; Fluid ounce (US); Macroeconomics; Medicine; Physics; Revenue; Sales tax; Social science; Sociology; Thermodynamics,US
A Mobile Platform's In‐App Advertising Contract Under Agency Pricing for App Sales,2016,Hao Lin; Hong Guo; Robert F. Easley,Production and Operations Management,142,Advertising; Agency (philosophy); App store; Business; Computer science; Epistemology; Finance; Marketing; Mobile apps; Online advertising; Philosophy; Pricing strategies; Revenue; Revenue sharing; The Internet; Valuation (finance); World Wide Web,US
Asymmetric impact of crude price on oil product pricing in the United States: An application of multiple threshold nonlinear autoregressive distributed lag model,2015,Debdatta Pal; Subrata Kumar Mitra,Economic Modelling,103,Autoregressive model; Chemistry; Computer network; Computer science; Crude oil; Distributed lag; Econometrics; Economics; Engineering; Geology; Lag; Nonlinear system; Organic chemistry; Paleontology; Petroleum; Petroleum engineering; Petroleum product; Physics; Quantile; Quantum mechanics; Series (stratigraphy),IN
"Asymmetric impact of oil prices, exchange rate, and inflation on tourism demand in Pakistan: new evidence from nonlinear ARDL",2018,Ghulam Mustafa Shaikh; Mohammad Ashraful Ferdous Chowdhury; Mubbshar Ali; Muhammad Saeed Meo; Salman Masood Sheikh,Asia Pacific Journal of Tourism Research,198,Economics; Exchange rate; Inflation (cosmology); Law; Macroeconomics; Monetary economics; Oil price; Physics; Political science; Theoretical physics; Tourism,BD; PK
Optimal pricing in mass customization supply chains with risk-averse agents and retail competition,2018,Bin Shen; Cheng Ma; Qi Sun; Tsan‐Ming Choi,Omega,141,Biology; Business; Competition (biology); Ecology; Economics; Expected utility hypothesis; Finance; Financial economics; Industrial organization; Marketing; Microeconomics; Profitability index; Risk aversion (psychology); Stackelberg competition; Supply chain,CN; HK
Towards Model-based Pricing for Machine Learning in a Data Marketplace,2019,Arun Kumar; Lingjiao Chen; Paraschos Koutris,Unknown,118,Accounting; Artificial intelligence; Computer science; Economics; Focus (optics); Inference; Machine learning; Optics; Physics; Revenue,US
"Impact of an “online-to-store” channel on demand allocation, pricing and profitability",2015,James Cao; Kut C. So; Shuya Yin,European Journal of Operational Research,175,Business; Channel (broadcasting); Computer science; Demography; Engineering; Finance; Geometry; Industrial organization; Marketing; Mathematics; Operations research; Population; Pricing strategies; Product (mathematics); Profitability index; Programming language; Set (abstract data type); Sociology; Telecommunications,CA; US
"Tourism seasonality, online user rating and hotel price: A quantitative approach based on the hedonic price model",2019,Haizhen Wen; Jiuxia Sun; Xinrui Wang,International Journal of Hospitality Management,82,Archaeology; Business; China; Econometrics; Economics; Geography; Hedonic pricing; Hospitality; Hospitality industry; Marketing; Mathematics; Ordinary least squares; Quantile; Quantile regression; Seasonality; Statistics; Tourism,CN
"Enterprise digital transformation, breadth of ownership and stock price volatility",2023,Gaowen Kong; Huixian Zhao; Shasha Liu,International Review of Financial Analysis,122,Biology; Business; Computer science; Digital transformation; Economics; Engineering; Finance; Financial economics; Mechanical engineering; Monetary economics; Paleontology; Series (stratigraphy); Stock (firearms); Stock price; Volatility (finance); World Wide Web,CN
Nonlinear causality between crude oil price and exchange rate: A comparative study of China and India,2015,Badri Narayan Rath; Debi Prasad Bal,Energy Economics,148,Autoregressive conditional heteroskedasticity; Biochemistry; Biology; Causality (physics); Chemistry; China; Context (archaeology); Econometrics; Economics; Exchange rate; Gene; Granger causality; Law; Monetary economics; Nonlinear system; Oil price; Paleontology; Physics; Political science; Quantum mechanics; Robustness (evolution); Volatility (finance),IN
Algorithmic Pricing and Competition: Empirical Evidence from the German Retail Gasoline Market,2023,Daniel Ershov; Lei Xu; Robert Clark; Stephanie Assad,Journal of Political Economy,149,Archaeology; Biology; Business; Competition (biology); Ecology; Economics; Empirical evidence; Engineering; Epistemology; Gasoline; German; History; Industrial organization; Microeconomics; Philosophy; Waste management,CA; FR; GB
An innovative random forest-based nonlinear ensemble paradigm of improved feature extraction and deep learning for carbon price forecasting,2020,Jujie Wang; Qian Cheng; Quan Cui; Xin Sun,The Science of The Total Environment,183,Artificial intelligence; Biochemistry; Biology; Carbon price; Chemistry; Climate change; Computer science; Deep learning; Ecology; Econometrics; Ensemble learning; Feature extraction; Gene; Machine learning; Mathematics; Nonlinear system; Physics; Quantum mechanics; Random forest; Robustness (evolution),CN
Why is Price Dispersion Higher Online than Offline? The Impact of Retailer Type and Shopping Risk on Price Dispersion,2018,Hejun Zhuang; Peter T. L. Popkowski Leszczyc; Yuanfang Lin,Journal of Retailing,83,Advertising; Biology; Business; Competition (biology); Computer science; Database; Database transaction; Dispersion (optics); Ecology; Econometrics; Economics; Epistemology; Geometry; Information retrieval; Marketing; Mathematics; Microeconomics; Online and offline; Online search; Operating system; Optics; Philosophy; Physics; Price dispersion; Product (mathematics); Quality (philosophy); Search cost,CA
"The Pass‐Through of Taxes on Sugar‐Sweetened Beverages to Retail Prices: The Case of Berkeley, California",2016,David Frisvold; John Cawley,Journal of Policy Analysis and Management,147,Advertising; Aerospace engineering; Agricultural economics; Business; Census; Confidence interval; Demographics; Demography; Economics; Engineering; Environmental health; Excise; Fluid ounce (US); Gallon (US); Geodesy; Geography; Internal medicine; Law; Macroeconomics; Medicine; Mile; Political science; Politics; Population; Referendum; Sociology,Unknown
"Availability, retail price and potency of legal and illegal cannabis in Canada after recreational cannabis legalisation",2020,David Hammond; Elle Wadsworth; Samantha Goodman; Syed Mahamad; Vicki Rynard,Drug and Alcohol Review,154,Business; Cannabis; Drug; Environmental health; Illicit drug; Law; Medicine; Political science; Psychiatry; Recreation; Recreational Drug; Recreational use,CA
Consumer response to online/offline price differentiation,2015,Martin Faßnacht; Sebastian Unterhuber,Journal of Retailing and Consumer Services,82,Advertising; Business; Channel (broadcasting); Computer science; Computer security; Cournot competition; Economics; Factor price; Geometry; Key (lock); Marketing; Mathematics; Microeconomics; Online and offline; Operating system; Price discrimination; Product (mathematics); Product differentiation; Statistics; Telecommunications; Value (mathematics),DE
Two-Sided Price Discrimination by Media Platforms,2020,Song Lin,Marketing Science,90,Advertising; Business; Economics; Industrial organization; Marketing; Microeconomics; Price discrimination,HK
Uniform Pricing in US Retail Chains,2019,Matthew Gentzkow; Stefano DellaVigna,SSRN Electronic Journal,75,Benchmark (surveying); Biology; Competition (biology); Demographics; Demography; Ecology; Econometrics; Economics; Geodesy; Geography; Microeconomics; Profit (economics); Sociology,US
Uniform Pricing in US Retail Chains,2017,Matthew Gentzkow; Stefano DellaVigna,Unknown,74,Commerce; Economics; Industrial organization; Microeconomics,US
Online Product Reviews-Triggered Dynamic Pricing: Theory and Evidence,2019,Juan Feng; Xiaoquan Zhang; Xin Li,Information Systems Research,104,Advertising; Business; Computer science; Dynamic pricing; E-commerce; Epistemology; Geometry; Market penetration; Marketing; Mathematics; Philosophy; Pricing strategies; Product (mathematics); Programming language; Quality (philosophy); Set (abstract data type); Word of mouth; World Wide Web,CN; HK
Are all online hotel prices created dynamic? An empirical assessment,2017,Claudio A. Piga; Giuseppe Melis,International Journal of Hospitality Management,98,Advertising; Archaeology; Business; Chemistry; Chromatography; Computer science; Dynamic pricing; Economics; Empirical evidence; Epistemology; Geography; Hospitality industry; Hotel industry; Marketing; Microeconomics; Philosophy; Pricing strategies; Programming language; Quality (philosophy); Sample (material); Set (abstract data type); Tourism,GB; IT
Online Traveler Reviews as Social Influence: Price Is No Longer King,2015,Curtis Love; Laura A. Book; Rhonda J. V. Montgomery; Sarah Tanford,Journal of Hospitality & Tourism Research,98,Advertising; Business; Cognitive dissonance; Economics; Law; Marketing; Microeconomics; Physics; Political science; Positive economics; Psychology; Quantum mechanics; Social psychology; Unanimity; Valence (chemistry),US
"Impact of online reviews on hotel booking intention: The moderating role of brand image, star category, and price",2019,Osman Ahmed El‐Said,Tourism Management Perspectives,160,Advertising; Affect (linguistics); Brand image; Business; Chemistry; Chromatography; Communication; Destination image; Destinations; Law; Marketing; Physics; Political science; Psychology; Quantum mechanics; Sample (material); Tourism; Valence (chemistry),EG; OM
Consumer attention to price in social commerce: Eye tracking patterns in retail clothing,2016,Asle Fagerstrøm; Gordon R. Foxall; Nils Magne Larsen; R. G. Vishnu Menon; Valdimar Sigurðsson,Journal of Business Research,111,Advertising; Archaeology; Business; Clothing; Computer science; Computer vision; Economics; Eye tracking; History; Marketing; Microeconomics; Optics; Physics; Visibility,GB; IS; NO
Vertical price transmission in the US beef sector: Evidence from the nonlinear ARDL model,2015,Constantinos Katrakilidis; Emmanouil Trachanas; Panos Fousekis,Economic Modelling,127,Asymmetry; Computer science; Econometrics; Economics; Empirical evidence; Engineering; Epistemology; Mechanical engineering; Monetary economics; Philosophy; Physics; Quantum mechanics; Short run; Telecommunications; Transmission (telecommunications); Work (physics),GB; GR; NZ
How Digital Disruption Changes Pricing Strategies and Price Models,2016,Andreas Krämer; Regine Kalka,Unknown,54,Accounting; Biology; Business; Business model; Competitor analysis; Computer science; Context (archaeology); Digitization; Dynamic pricing; Economics; Geometry; Industrial organization; Marketing; Mathematics; Microeconomics; Monopoly; Paleontology; Pricing strategies; Product (mathematics); Production (economics); Revenue; Revenue model; Telecommunications,DE
"Optimal Pricing Model of Digital Music: Subscription, Ownership or Mixed?",2019,Liangfei Qiu; Qiuyue Luo; Shengli Li; Subhajyoti Bandyopadhyay,Production and Operations Management,97,Advertising; Audio signal; Business; Computer science; Digital audio; Speech coding; Telecommunications,CN; US
Dynamic pricing in ridesharing platforms,2016,Carlos Riquelme; Ramesh Johari; Siddhartha Banerjee,ACM SIGecom Exchanges,64,Artificial intelligence; Biochemistry; Chemistry; Computer network; Computer science; Dynamic pricing; Economics; Engineering; Gene; Incentive; Microeconomics; Operations research; Pricing strategies; Queueing theory; Robustness (evolution); System dynamics,US
"The Interaction Effects of Online Reviews, Brand, and Price on Consumer Hotel Booking Decision Making",2020,Sarah Xiao; Wen Ji; Xin Liu; Yina Li; Zhibin Lin,Journal of Travel Research,121,Advertising; Business; Epistemology; Law; Marketing; Mediation; Philosophy; Political science; Psychology; Quality (philosophy),CN; GB
Price premium of organic salmon in Danish retail sale,2015,Isaac Ankamah‐Yeboah; Max Nielsen; Rasmus Nielsen,Ecological Economics,88,Agricultural economics; Agricultural science; Agriculture; Aquaculture; Biology; Business; Ecology; Economics; Environmental science; Finance; Fish <Actinopterygii>; Fishery; Law; Microeconomics; Organic farming; Organic product; Political science; Politics; Price premium; Production (economics); Profitability index; Stewardship (theology); Willingness to pay,DK
Pricing and Product-bundling Strategies for E-commerce Platforms with Competition,2019,Bin Cao; Wei Xie; Xiaogang Lin; Yong‐Wu Zhou; Yuanguang Zhong,European Journal of Operational Research,96,Biology; Business; Competition (biology); Computer science; Cournot competition; Customer base; Duopoly; Ecology; Economics; Geometry; Industrial organization; Machine learning; Marketing; Mathematics; Microeconomics; Pricing strategies; Product (mathematics); Unbundling; Value (mathematics),CN
Reviews and price on online platforms: Evidence from sentiment analysis of Airbnb reviews in Boston,2018,Abdelaziz Lawani; Michael R. Reed; Tyler Mark; Yuqing Zheng,Regional Science and Urban Economics,117,Advertising; Business; Computer science; Economics; Epistemology; Law; Machine learning; Marketing; Microeconomics; Philosophy; Political science; Proxy (statistics); Purchasing; Quality (philosophy); Renting; Spillover effect,US
Borrowing High versus Borrowing Higher: Price Dispersion and Shopping Behavior in the U.S. Credit Card Market,2015,Jonathan Zinman; Victor Stango,Review of Financial Studies,161,Business; Credit card; Dispersion (optics); Econometrics; Economics; Finance; Monetary economics; Optics; Payment; Physics; Price dispersion,US
Digitales Pricing,2018,Frank Frohmann,Unknown,50,Computer science; Library science,Unknown
Platform Pricing and Investment to Drive Third-Party Value Creation in Two-Sided Networks,2020,Burcu Tan; Edward G. Anderson; Geoffrey Parker,Information Systems Research,142,Android (operating system); Business; Business model; Computer science; Database; Economics; Finance; Integration platform; Internet privacy; Investment (military); Law; Market economy; Marketing; Modular design; Operating system; Order (exchange); Political science; Politics; Software; Subsidy; Third party; Vertical integration,US
Economic Implications of Nonlinear Pricing Kernels,2016,Caio Almeida; René García,Management Science,70,Applied mathematics; Capital asset pricing model; Dispersion (optics); Econometrics; Economics; Kurtosis; Mathematical economics; Mathematics; Nonlinear system; Nonparametric statistics; Optics; Physics; Quantum mechanics; Skewness; Statistics; Stochastic discount factor; Valuation of options,CA; FR
Online-offline competitive pricing with reference price effect,2020,Ningning Wang; Peimiao Li; Ting Zhang; Xiaowei Zhu,Journal of the Operational Research Society,45,Artificial intelligence; Business; Computer science; Disadvantage; Economics; Industrial organization; Law; Limit price; Microeconomics; Mid price; Monetary economics; Negotiation; Online and offline; Operating system; Political science; Price discrimination; Price level; Profit (economics); Reference price; Reservation price,CN; US
The impact of price and nutrition labelling on sugary drink purchases: Results from an experimental marketplace study,2017,David Hammond; Rachel B. Acton,Appetite,131,Added sugar; Advertising; Biology; Business; Calorie; Consumption (sociology); Criminology; Endocrinology; Environmental health; Food science; Labelling; Medicine; Nutrition facts label; Psychology; Social science; Sociology; Sugar,CA
When should the offline retailer implement price matching?,2019,Bintong Chen; Jing Chen,European Journal of Operational Research,81,Business; Computer science; Matching (statistics); Mathematics; Online and offline; Operating system; Operations research; Statistics,CA; CN; US
Nonlinear Pricing,2016,Mark Armstrong,Annual Review of Economics,44,Cournot competition; Economics; Epistemology; Industrial organization; Microeconomics; Monopoly; Nonlinear pricing; Nonlinear system; Oligopoly; Philosophy; Physics; Price discrimination; Quality (philosophy); Quantum mechanics,GB
A Framework of Customizing Electricity Retail Prices,2017,Fushuan Wen; Jiajia Yang; Junhua Zhao; Zhao Yang Dong,IEEE Transactions on Power Systems,68,Bilevel optimization; Computer science; Economics; Electrical engineering; Electricity; Electricity market; Engineering; Expected shortfall; Management; Mathematical optimization; Mathematics; Microeconomics; Operations research; Optimization problem; Profit (economics); Risk management; Solver; Spot market,AU; CN
Pricing policies for a dual-channel retailer with cross-channel returns,2018,Guoqing Zhang; Mohannad Radhi,Computers & Industrial Engineering,92,Art; Biology; Business; Channel (broadcasting); Computer science; Context (archaeology); Dual (grammatical number); Economics; Literature; Marketing; Microeconomics; Paleontology; Preference; Pricing strategies; Profit (economics); Stackelberg competition; Telecommunications,CA
Oil Prices and Chinese Stock Market: Nonlinear Causality and Volatility Persistence,2018,Bin Chen; Fenghua Wen; Jihong Xiao; Jinyi Li; Xiaohua Xia; Zhengyan Xiao,Emerging Markets Finance and Trade,94,Autoregressive model; Biology; Econometrics; Economics; Engineering; Finance; Financial economics; Horse; Mechanical engineering; Monetary economics; Nonlinear system; Paleontology; Physics; Quantum mechanics; Real estate; Stock (firearms); Stock market; Volatility (finance),CN
One-side value-added service investment and pricing strategies for a two-sided platform,2016,Guowei Dou; Ping He; Xiaoyan Xu,International Journal of Production Research,110,Business; Demand side; Economics; Externality; Industrial organization; Investment (military); Law; Marginal cost; Microeconomics; Network effect; Political science; Politics; Profit (economics); Willingness to pay,CN
Channel Integration Choices and Pricing Strategies for Competing Dual-Channel Retailers,2020,Guofang Nan; Lin Chen; Minqiang Li; Ronghui Wang,IEEE Transactions on Engineering Management,96,Art; Business; Channel (broadcasting); Computer science; Dual (grammatical number); Industrial organization; Literature; Telecommunications,CN
Retail price and availability of illicit cannabis in Canada,2018,David Hammond; Syed Mahamad,Addictive Behaviors,72,Advertising; Agricultural economics; Business; Cannabis; Economics; Fluid ounce (US); Law; Legalization; Marketing; Medicine; Political science; Psychiatry; Purchasing,CA
A Distributed Online Pricing Strategy for Demand Response Programs,2017,Baosen Zhang; Hao Wang; Pan Li,IEEE Transactions on Smart Grid,85,Business; Computer science; Demand response; Economics; Electrical engineering; Electricity; Engineering; Industrial organization; Load management; Microeconomics,US
"A mixed integer nonlinear programming model and heuristic solutions for location, inventory and pricing decisions in a closed loop supply chain",2015,Busra Urek; Onur Kaya,Computers & Operations Research,147,Business; Closed loop; Computer science; Control engineering; Economics; Engineering; Facility location problem; Heuristic; Heuristics; Integer programming; Inventory control; Marketing; Mathematical optimization; Mathematics; Microeconomics; Nonlinear programming; Nonlinear system; Operations research; Physics; Profit (economics); Quantum mechanics; Supply chain; Supply chain management; Supply chain network,TR
A hierarchical pricing decision process on a dual-channel problem with one manufacturer and one retailer,2016,Ciwei Dong; Qing Ding; Zhicong Pan,International Journal of Production Economics,101,Art; Business; Channel (broadcasting); Computer science; Dual (grammatical number); Economics; Geometry; Industrial organization; Literature; Mathematics; Microeconomics; Operating system; Process (computing); Product (mathematics); Stackelberg competition; Telecommunications,CN
Asymmetric oil product pricing in India: Evidence from a multiple threshold nonlinear ARDL model,2016,Debdatta Pal; Subrata Kumar Mitra,Economic Modelling,108,Autoregressive model; Computer network; Computer science; Crack spread; Crude oil; Distributed lag; Econometrics; Economics; Engineering; Geometry; Lag; Mathematics; Monetary economics; Oil price; Petroleum engineering; Product (mathematics); Quantile; Volatility (finance); West Texas Intermediate,IN
Electricity retail market model with flexible price settings and elastic price-based demand responses by consumers in distribution network,2016,Ichiro Nishizaki; Shinya Sekizaki; Tomohiro Hayashida,International Journal of Electrical Power & Energy Systems,69,Computer science; Database transaction; Demand response; Distribution (mathematics); Economics; Electrical engineering; Electricity; Electricity market; Engineering; International trade; Mathematical analysis; Mathematical optimization; Mathematics; Microeconomics; Price elasticity of demand; Programming language; Stackelberg competition; Tariff,JP
Price-Maker Bidding in Day-Ahead Electricity Market for a Retailer With Flexible Demands,2017,Meng Song; Mikael Amelin,IEEE Transactions on Power Systems,95,Bidding; Econometrics; Economics; Electrical engineering; Electricity; Electricity market; Engineering; Financial economics; Flexibility (engineering); Forward contract; Futures contract; Management; Microeconomics; Price elasticity of demand; Profit (economics); Spot contract; Spot market,SE
Pricing decisions and social welfare in a supply chain with multiple competing retailers and carbon tax policy,2018,Fengying Hu; Yanju Zhou; Zhenglong Zhou,Journal of Cleaner Production,117,Biology; Business; Carbon tax; Ecology; Economics; Geometry; Greenhouse gas; Industrial organization; Law; Market economy; Marketing; Mathematics; Microeconomics; Monetary economics; Monopoly; Optimal tax; Political science; Product (mathematics); Public economics; Social Welfare; Social planner; Supply chain; Tax rate; Welfare,CN
The effects of BOPS implementation under different pricing strategies in omnichannel retailing,2020,Li Luo; Liuxin Chen; Matthew F. Keblis; Ruixiao Kong,Transportation Research Part E Logistics and Transportation Review,87,Business; Computer science; E-commerce; Economics; Marketing; Microeconomics; Omnichannel; Pricing strategies; Profit (economics); Supply chain; World Wide Web,CN; US
Price determinants of non-fungible tokens in the digital art market,2022,Carolina Rachel; Florian Horky; Jarko Fidrmuc,Finance research letters,84,Big data; Computer science; Computer security; Cryptocurrency; Data mining; Econometric model; Econometrics; Economics; Machine learning; Microeconomics; Value (mathematics),CZ; DE; SK; US
